<?xml version="1.0" encoding="utf-8"?>
<feed xmlns="http://www.w3.org/2005/Atom">
    <id/>
    <title>NotionNext BLOG</title>
    <updated>2023-06-11T03:27:04.033Z</updated>
    <generator>https://github.com/jpmonette/feed</generator>
    <author>
        <name>NotionNext</name>
        <uri>https://tangly1024.com</uri>
    </author>
    <link rel="alternate" href="https://tangly1024.com/"/>
    <subtitle>这是一个由NotionNext生成的站点</subtitle>
    <icon>https://tangly1024.com/favicon.png</icon>
    <rights>All rights reserved 2023, NotionNext</rights>
    <entry>
        <title type="html"><![CDATA[模板使用说明]]></title>
        <id>https://tangly1024.com/article/guide</id>
        <link href="https://tangly1024.com/article/guide"/>
        <updated>2021-07-02T00:00:00.000Z</updated>
        <summary type="html"><![CDATA[<- 点击标题OPEN按钮：查看此Notion数据库的使用方法]]></summary>
        <content type="html"><![CDATA[<div id="container" class="mx-auto undefined"><main class="notion light-mode notion-page notion-block-f5dd304c8c8140dcba379c1d7399e15e"><div class="notion-viewport"></div><div class="notion-collection-page-properties"></div><h2 class="notion-h notion-h1 notion-h-indent-0 notion-block-f2c4285419ba4ad98f1f6cc7ab1bb3ef" data-id="f2c4285419ba4ad98f1f6cc7ab1bb3ef"><span><div id="f2c4285419ba4ad98f1f6cc7ab1bb3ef" class="notion-header-anchor"></div><a class="notion-hash-link" href="#f2c4285419ba4ad98f1f6cc7ab1bb3ef" title="模板使用说明"><svg viewBox="0 0 16 16" width="16" height="16"><path fill-rule="evenodd" d="M7.775 3.275a.75.75 0 001.06 1.06l1.25-1.25a2 2 0 112.83 2.83l-2.5 2.5a2 2 0 01-2.83 0 .75.75 0 00-1.06 1.06 3.5 3.5 0 004.95 0l2.5-2.5a3.5 3.5 0 00-4.95-4.95l-1.25 1.25zm-4.69 9.64a2 2 0 010-2.83l2.5-2.5a2 2 0 012.83 0 .75.75 0 001.06-1.06 3.5 3.5 0 00-4.95 0l-2.5 2.5a3.5 3.5 0 004.95 4.95l1.25-1.25a.75.75 0 00-1.06-1.06l-1.25 1.25a2 2 0 01-2.83 0z"></path></svg></a><span class="notion-h-title">模板使用说明</span></span></h2><div class="notion-text notion-block-4c27b110b8c1462bb17d6b83a532a460">您的NotionNext项目必须绑定一个Notion数据库才能使用。</div><div class="notion-text notion-block-a07922c815664f73b20976494ba4f153">请复制该模板到您的Notion中，并按照模板格式创建文章：</div><div class="notion-row"><a target="_blank" rel="noopener noreferrer" class="notion-bookmark notion-block-74d4efc591304ca583eae42a4c1e2744" href="https://tanghh.notion.site/02ab3b8678004aa69e9e415905ef32a5?v=b7eb215720224ca5827bfaa5ef82cf2d"><div><div class="notion-bookmark-title">NOTION BLOG</div><div class="notion-bookmark-description">演示站点描述</div><div class="notion-bookmark-link"><div class="notion-bookmark-link-text">https://tanghh.notion.site/02ab3b8678004aa69e9e415905ef32a5?v=b7eb215720224ca5827bfaa5ef82cf2d</div></div></div><div class="notion-bookmark-image"><img style="object-fit:cover" src="https://tanghh.notion.site/image/https%3A%2F%2Fp1.qhimg.com%2Fbdm%2F1600_900_100%2Ft01e66d486b8e826270.jpg?table=collection&amp;id=4379bc14-5d22-453b-a153-12639616fc01&amp;spaceId=6c096b44-beb9-48ee-8f92-1efdde47f3a3&amp;width=2000&amp;userId=&amp;cache=v2" alt="NOTION BLOG" loading="lazy" decoding="async"/></div></a></div><div class="notion-blank notion-block-8151fd51e7324ae5957a4918a543aa2c"> </div><div class="notion-sync-block notion-block-c8471935a70e4cab9f109e6528bc4f36"><h3 class="notion-h notion-h2 notion-block-3d9e12d98c7e421891fbb1764456b0a2" data-id="3d9e12d98c7e421891fbb1764456b0a2"><span><div id="3d9e12d98c7e421891fbb1764456b0a2" class="notion-header-anchor"></div><a class="notion-hash-link" href="#3d9e12d98c7e421891fbb1764456b0a2" title="数据库字段说明"><svg viewBox="0 0 16 16" width="16" height="16"><path fill-rule="evenodd" d="M7.775 3.275a.75.75 0 001.06 1.06l1.25-1.25a2 2 0 112.83 2.83l-2.5 2.5a2 2 0 01-2.83 0 .75.75 0 00-1.06 1.06 3.5 3.5 0 004.95 0l2.5-2.5a3.5 3.5 0 00-4.95-4.95l-1.25 1.25zm-4.69 9.64a2 2 0 010-2.83l2.5-2.5a2 2 0 012.83 0 .75.75 0 001.06-1.06 3.5 3.5 0 00-4.95 0l-2.5 2.5a3.5 3.5 0 004.95 4.95l1.25-1.25a.75.75 0 00-1.06-1.06l-1.25 1.25a2 2 0 01-2.83 0z"></path></svg></a><span class="notion-h-title">数据库字段说明</span></span></h3><div class="notion-text notion-block-eaa0cc6b438d40f69e22705d11fd1ed7">Notion数据库中，每条数据都将有以下属性🤔：</div><table class="notion-simple-table notion-block-57da1a4d7e2c4d67902d6d6fcea0866b"><tbody><tr class="notion-simple-table-row notion-block-1269ba5b14e442f4958637d81af33b30"><td class="" style="width:116.99479675292969px"><div class="notion-simple-table-cell">属性</div></td><td class="" style="width:46.989585876464844px"><div class="notion-simple-table-cell">必填</div></td><td class="" style="width:239.00001525878906px"><div class="notion-simple-table-cell">说明</div></td><td class="" style="width:315.66668701171875px"><div class="notion-simple-table-cell">备注</div></td></tr><tr class="notion-simple-table-row notion-block-0141972327994094ae6c042272e2c12b"><td class="" style="width:116.99479675292969px"><div class="notion-simple-table-cell"><code class="notion-inline-code">title</code></div></td><td class="" style="width:46.989585876464844px"><div class="notion-simple-table-cell"> 是</div></td><td class="" style="width:239.00001525878906px"><div class="notion-simple-table-cell"> 文章标题</div></td><td class="" style="width:315.66668701171875px"><div class="notion-simple-table-cell">ㅤ</div></td></tr><tr class="notion-simple-table-row notion-block-a1ce2a1eb70242b7abc256263c65a322"><td class="" style="width:116.99479675292969px"><div class="notion-simple-table-cell"><code class="notion-inline-code">status</code></div></td><td class="" style="width:46.989585876464844px"><div class="notion-simple-table-cell">是</div></td><td class="" style="width:239.00001525878906px"><div class="notion-simple-table-cell">发布状态</div></td><td class="" style="width:315.66668701171875px"><div class="notion-simple-table-cell">（仅当状态为<code class="notion-inline-code">Published</code> 时会被 展示）</div></td></tr><tr class="notion-simple-table-row notion-block-9161089fd36647e9904145832a8d9d61"><td class="" style="width:116.99479675292969px"><div class="notion-simple-table-cell"><code class="notion-inline-code">type</code></div></td><td class="" style="width:46.989585876464844px"><div class="notion-simple-table-cell">是</div></td><td class="" style="width:239.00001525878906px"><div class="notion-simple-table-cell">页面类型 (博文<code class="notion-inline-code">Post</code> / 单页(<code class="notion-inline-code">Page</code>)</div></td><td class="" style="width:315.66668701171875px"><div class="notion-simple-table-cell">单页不会在博文列表显示 。</div></td></tr><tr class="notion-simple-table-row notion-block-af4002163cbf4f3eabcc790b56f10771"><td class="" style="width:116.99479675292969px"><div class="notion-simple-table-cell"><code class="notion-inline-code">summary</code></div></td><td class="" style="width:46.989585876464844px"><div class="notion-simple-table-cell">否</div></td><td class="" style="width:239.00001525878906px"><div class="notion-simple-table-cell">内容摘要</div></td><td class="" style="width:315.66668701171875px"><div class="notion-simple-table-cell">搜索和简略显示会用到</div></td></tr><tr class="notion-simple-table-row notion-block-408190f6e9a947bda891fca93845e6be"><td class="" style="width:116.99479675292969px"><div class="notion-simple-table-cell"><code class="notion-inline-code">date</code></div></td><td class="" style="width:46.989585876464844px"><div class="notion-simple-table-cell">否</div></td><td class="" style="width:239.00001525878906px"><div class="notion-simple-table-cell">发布日期</div></td><td class="" style="width:315.66668701171875px"><div class="notion-simple-table-cell">在V3.3.9之前的版本此项为必填。</div></td></tr><tr class="notion-simple-table-row notion-block-515a438fd6a944e3a5abcaa0ef26e29f"><td class="" style="width:116.99479675292969px"><div class="notion-simple-table-cell"><code class="notion-inline-code">category</code></div></td><td class="" style="width:46.989585876464844px"><div class="notion-simple-table-cell">否</div></td><td class="" style="width:239.00001525878906px"><div class="notion-simple-table-cell">文章分类</div></td><td class="" style="width:315.66668701171875px"><div class="notion-simple-table-cell">可以自定义</div></td></tr><tr class="notion-simple-table-row notion-block-d1f967d68ac748a68f043060942b7b26"><td class="" style="width:116.99479675292969px"><div class="notion-simple-table-cell"><code class="notion-inline-code">tags</code></div></td><td class="" style="width:46.989585876464844px"><div class="notion-simple-table-cell">否</div></td><td class="" style="width:239.00001525878906px"><div class="notion-simple-table-cell">文章标签</div></td><td class="" style="width:315.66668701171875px"><div class="notion-simple-table-cell">可多个，建议不要太多</div></td></tr><tr class="notion-simple-table-row notion-block-1e7e3573010d487491fc9dd803eb2802"><td class="" style="width:116.99479675292969px"><div class="notion-simple-table-cell"><code class="notion-inline-code">slug</code></div></td><td class="" style="width:46.989585876464844px"><div class="notion-simple-table-cell">否</div></td><td class="" style="width:239.00001525878906px"><div class="notion-simple-table-cell">文章短路径</div></td><td class="" style="width:315.66668701171875px"><div class="notion-simple-table-cell"> (每篇文章唯一，请勿 重复）</div></td></tr><tr class="notion-simple-table-row notion-block-09f1fb3a9e204de29deeb11ea0e65d69"><td class="" style="width:116.99479675292969px"><div class="notion-simple-table-cell"><code class="notion-inline-code">icon</code></div></td><td class="" style="width:46.989585876464844px"><div class="notion-simple-table-cell">否</div></td><td class="" style="width:239.00001525878906px"><div class="notion-simple-table-cell">菜单栏图标(仅当<code class="notion-inline-code">Page</code>类型有效)</div></td><td class="" style="width:315.66668701171875px"><div class="notion-simple-table-cell">可以参考：<a target="_blank" rel="noopener noreferrer" class="notion-link" href="https://fontawesome.com/v6/search">图标库地址</a></div></td></tr><tr class="notion-simple-table-row notion-block-beb52cea3fbf4572be06645ffa5fa533"><td class="" style="width:116.99479675292969px"><div class="notion-simple-table-cell"><code class="notion-inline-code">password</code></div></td><td class="" style="width:46.989585876464844px"><div class="notion-simple-table-cell"> 否</div></td><td class="" style="width:239.00001525878906px"><div class="notion-simple-table-cell"> 文章加锁</div></td><td class="" style="width:315.66668701171875px"><div class="notion-simple-table-cell"> 需要输入密码才允许访问</div></td></tr></tbody></table><div class="notion-blank notion-block-1b3b4c6784b348a48d24bc20761d9ba4"> </div></div><h2 class="notion-h notion-h1 notion-h-indent-0 notion-block-579acad588b148b49663be0acfce1b82" data-id="579acad588b148b49663be0acfce1b82"><span><div id="579acad588b148b49663be0acfce1b82" class="notion-header-anchor"></div><a class="notion-hash-link" href="#579acad588b148b49663be0acfce1b82" title="更多说明帮助"><svg viewBox="0 0 16 16" width="16" height="16"><path fill-rule="evenodd" d="M7.775 3.275a.75.75 0 001.06 1.06l1.25-1.25a2 2 0 112.83 2.83l-2.5 2.5a2 2 0 01-2.83 0 .75.75 0 00-1.06 1.06 3.5 3.5 0 004.95 0l2.5-2.5a3.5 3.5 0 00-4.95-4.95l-1.25 1.25zm-4.69 9.64a2 2 0 010-2.83l2.5-2.5a2 2 0 012.83 0 .75.75 0 001.06-1.06 3.5 3.5 0 00-4.95 0l-2.5 2.5a3.5 3.5 0 004.95 4.95l1.25-1.25a.75.75 0 00-1.06-1.06l-1.25 1.25a2 2 0 01-2.83 0z"></path></svg></a><span class="notion-h-title">更多说明帮助</span></span></h2><div class="notion-text notion-block-4390442354d54b7a99e1c42e625c1a43">请访问教程</div><div class="notion-row"><a target="_blank" rel="noopener noreferrer" class="notion-bookmark notion-block-dddb6b7530ce44a4a2ca03c3b18991b9" href="https://tangly1024.com/article/notion-next-guide"><div><div class="notion-bookmark-title">NotionNext 操作手册 | TANGLY’s BLOG</div><div class="notion-bookmark-description">介绍NotionNext的所有功能和常见问题说明</div><div class="notion-bookmark-link"><div class="notion-bookmark-link-icon"><img src="https://tangly1024.com/favicon.ico" alt="NotionNext 操作手册 | TANGLY’s BLOG" loading="lazy" decoding="async"/></div><div class="notion-bookmark-link-text">https://tangly1024.com/article/notion-next-guide</div></div></div><div class="notion-bookmark-image"><img style="object-fit:cover" src="https://images.unsplash.com/photo-1587620931276-d97f425f62b9?ixlib=rb-4.0.3&amp;q=80&amp;fm=jpg&amp;crop=entropy&amp;cs=tinysrgb" alt="NotionNext 操作手册 | TANGLY’s BLOG" loading="lazy" decoding="async"/></div></a></div></main></div>]]></content>
    </entry>
    <entry>
        <title type="html"><![CDATA[示例文章1]]></title>
        <id>https://tangly1024.com/article/example-1</id>
        <link href="https://tangly1024.com/article/example-1"/>
        <updated>2021-11-05T00:00:00.000Z</updated>
        <summary type="html"><![CDATA[这是示例的文章摘要，摘要内容可被用做搜索，预览。文章列表默认展示概要；若要在列表直接展示文章内容，可在blog.config.js中配置。]]></summary>
        <content type="html"><![CDATA[<div id="container" class="mx-auto undefined"><main class="notion light-mode notion-page notion-block-a6271da06b8f47a39735e8fa770f1d9f"><div class="notion-viewport"></div><div class="notion-collection-page-properties"></div><h2 class="notion-h notion-h1 notion-h-indent-0 notion-block-446eafa5f4824ccf8998fbd1a51eee0b" data-id="446eafa5f4824ccf8998fbd1a51eee0b"><span><div id="446eafa5f4824ccf8998fbd1a51eee0b" class="notion-header-anchor"></div><a class="notion-hash-link" href="#446eafa5f4824ccf8998fbd1a51eee0b" title="基本段落"><svg viewBox="0 0 16 16" width="16" height="16"><path fill-rule="evenodd" d="M7.775 3.275a.75.75 0 001.06 1.06l1.25-1.25a2 2 0 112.83 2.83l-2.5 2.5a2 2 0 01-2.83 0 .75.75 0 00-1.06 1.06 3.5 3.5 0 004.95 0l2.5-2.5a3.5 3.5 0 00-4.95-4.95l-1.25 1.25zm-4.69 9.64a2 2 0 010-2.83l2.5-2.5a2 2 0 012.83 0 .75.75 0 001.06-1.06 3.5 3.5 0 00-4.95 0l-2.5 2.5a3.5 3.5 0 004.95 4.95l1.25-1.25a.75.75 0 00-1.06-1.06l-1.25 1.25a2 2 0 01-2.83 0z"></path></svg></a><span class="notion-h-title">基本段落</span></span></h2><blockquote class="notion-quote notion-block-ce76391f3f2842d386468ff1eb705b92"><div>书中自有黄金屋，书中自有颜如玉</div></blockquote><div class="notion-callout notion-gray_background_co notion-block-81283d865b134c77a1cf316bcd8e4152"><div class="notion-page-icon-inline notion-page-icon-span"><span class="notion-page-icon" role="img" aria-label="💡">💡</span></div><div class="notion-callout-text">生活的意义并不是与他人争高下，而在于享受努力实现目标的过程，结果只是对自己行动的嘉奖。</div></div><h3 class="notion-h notion-h2 notion-h-indent-1 notion-block-0c84d8d107c3496990b203808c73c264" data-id="0c84d8d107c3496990b203808c73c264"><span><div id="0c84d8d107c3496990b203808c73c264" class="notion-header-anchor"></div><a class="notion-hash-link" href="#0c84d8d107c3496990b203808c73c264" title="将进酒"><svg viewBox="0 0 16 16" width="16" height="16"><path fill-rule="evenodd" d="M7.775 3.275a.75.75 0 001.06 1.06l1.25-1.25a2 2 0 112.83 2.83l-2.5 2.5a2 2 0 01-2.83 0 .75.75 0 00-1.06 1.06 3.5 3.5 0 004.95 0l2.5-2.5a3.5 3.5 0 00-4.95-4.95l-1.25 1.25zm-4.69 9.64a2 2 0 010-2.83l2.5-2.5a2 2 0 012.83 0 .75.75 0 001.06-1.06 3.5 3.5 0 00-4.95 0l-2.5 2.5a3.5 3.5 0 004.95 4.95l1.25-1.25a.75.75 0 00-1.06-1.06l-1.25 1.25a2 2 0 01-2.83 0z"></path></svg></a><span class="notion-h-title"><b>将进酒</b></span></span></h3><div class="notion-text notion-block-99590d376a814349a933994d66be84a5">李白〔唐代〕</div><div class="notion-text notion-block-189c6309f15e47ada135a14f36cda7e4">君不见黄河之水天上来，奔流到海不复回。
君不见高堂明镜悲白发，朝如青丝暮成雪。
人生得意须尽欢，莫使金樽空对月。
天生我材必有用，千金散尽还复来。
烹羊宰牛且为乐，会须一饮三百杯。
岑夫子，丹丘生，将进酒，杯莫停。
与君歌一曲，请君为我倾耳听。
钟鼓馔玉不足贵，但愿长醉不愿醒。
古来圣贤皆寂寞，惟有饮者留其名。
陈王昔时宴平乐，斗酒十千恣欢谑。
主人何为言少钱，径须沽取对君酌。
五花马、千金裘，呼儿将出换美酒，与尔同销万古愁。</div><div class="notion-row"><a target="_blank" rel="noopener noreferrer" class="notion-bookmark notion-block-3a5174d905b54b29bdb79be20977e8af" href="https://tangly1024.com/"><div><div class="notion-bookmark-title">TANGLY&#x27;s BLOG | 记录思考、分享我的学习笔记</div><div class="notion-bookmark-description">记录思考、分享我的学习笔记</div><div class="notion-bookmark-link"><div class="notion-bookmark-link-icon"><img src="https://tangly1024.com/favicon.ico" alt="TANGLY&#x27;s BLOG | 记录思考、分享我的学习笔记" loading="lazy" decoding="async"/></div><div class="notion-bookmark-link-text">https://tangly1024.com/</div></div></div><div class="notion-bookmark-image"><img style="object-fit:cover" src="https://images.unsplash.com/photo-1564419320603-628d868a193f?q=50&amp;fm=jpg&amp;fit=crop&amp;w=1920&amp;h=1600" alt="TANGLY&#x27;s BLOG | 记录思考、分享我的学习笔记" loading="lazy" decoding="async"/></div></a></div><div class="notion-blank notion-block-349808ed27944012a180f278295b7714"> </div><h2 class="notion-h notion-h1 notion-h-indent-0 notion-block-3d9836fa6437437e8a01a0a4f530979a" data-id="3d9836fa6437437e8a01a0a4f530979a"><span><div id="3d9836fa6437437e8a01a0a4f530979a" class="notion-header-anchor"></div><a class="notion-hash-link" href="#3d9836fa6437437e8a01a0a4f530979a" title="特殊段落"><svg viewBox="0 0 16 16" width="16" height="16"><path fill-rule="evenodd" d="M7.775 3.275a.75.75 0 001.06 1.06l1.25-1.25a2 2 0 112.83 2.83l-2.5 2.5a2 2 0 01-2.83 0 .75.75 0 00-1.06 1.06 3.5 3.5 0 004.95 0l2.5-2.5a3.5 3.5 0 00-4.95-4.95l-1.25 1.25zm-4.69 9.64a2 2 0 010-2.83l2.5-2.5a2 2 0 012.83 0 .75.75 0 001.06-1.06 3.5 3.5 0 00-4.95 0l-2.5 2.5a3.5 3.5 0 004.95 4.95l1.25-1.25a.75.75 0 00-1.06-1.06l-1.25 1.25a2 2 0 01-2.83 0z"></path></svg></a><span class="notion-h-title">特殊段落</span></span></h2><h3 class="notion-h notion-h2 notion-h-indent-1 notion-block-85dc9288bc6340ba825103bbb07f61a7" data-id="85dc9288bc6340ba825103bbb07f61a7"><span><div id="85dc9288bc6340ba825103bbb07f61a7" class="notion-header-anchor"></div><a class="notion-hash-link" href="#85dc9288bc6340ba825103bbb07f61a7" title="1.代码"><svg viewBox="0 0 16 16" width="16" height="16"><path fill-rule="evenodd" d="M7.775 3.275a.75.75 0 001.06 1.06l1.25-1.25a2 2 0 112.83 2.83l-2.5 2.5a2 2 0 01-2.83 0 .75.75 0 00-1.06 1.06 3.5 3.5 0 004.95 0l2.5-2.5a3.5 3.5 0 00-4.95-4.95l-1.25 1.25zm-4.69 9.64a2 2 0 010-2.83l2.5-2.5a2 2 0 012.83 0 .75.75 0 001.06-1.06 3.5 3.5 0 00-4.95 0l-2.5 2.5a3.5 3.5 0 004.95 4.95l1.25-1.25a.75.75 0 00-1.06-1.06l-1.25 1.25a2 2 0 01-2.83 0z"></path></svg></a><span class="notion-h-title">1.代码</span></span></h3><pre class="notion-code"><div class="notion-code-copy"><div class="notion-code-copy-button"><svg fill="currentColor" viewBox="0 0 16 16" width="1em" version="1.1"><path fill-rule="evenodd" d="M0 6.75C0 5.784.784 5 1.75 5h1.5a.75.75 0 010 1.5h-1.5a.25.25 0 00-.25.25v7.5c0 .138.112.25.25.25h7.5a.25.25 0 00.25-.25v-1.5a.75.75 0 011.5 0v1.5A1.75 1.75 0 019.25 16h-7.5A1.75 1.75 0 010 14.25v-7.5z"></path><path fill-rule="evenodd" d="M5 1.75C5 .784 5.784 0 6.75 0h7.5C15.216 0 16 .784 16 1.75v7.5A1.75 1.75 0 0114.25 11h-7.5A1.75 1.75 0 015 9.25v-7.5zm1.75-.25a.25.25 0 00-.25.25v7.5c0 .138.112.25.25.25h7.5a.25.25 0 00.25-.25v-7.5a.25.25 0 00-.25-.25h-7.5z"></path></svg></div></div><code class="language-bash"># Bash 安装zsh
$ sudo apt install zsh

# 配置ohmyzsh
$ sh -c &quot;$(curl -fsSL &lt;https://raw.github.com/robbyrussell/oh-my-zsh/master/tools/install.sh&gt;)&quot;

# 配置ohmyzsh插件
# zsh-autosuggestions
$ git clone git://github.com/zsh-users/zsh-autosuggestions $ZSH_CUSTOM/plugins/zsh-autosuggestions

# zsh-syntax-highlighting
$ git clone &lt;https://github.com/zsh-users/zsh-syntax-highlighting.git&gt; ${ZSH_CUSTOM:-~/.oh-my-zsh/custom}/plugins/zsh-syntax-highlighting

// 启用插件
$ vim .zshrc
plugins=(git z zsh-autosuggestions zsh-syntax-highlighting)</code></pre><details class="notion-toggle notion-block-55f94688f9a44713bc50cb81232974f3"><summary>其他更多语言</summary><div><pre class="notion-code"><div class="notion-code-copy"><div class="notion-code-copy-button"><svg fill="currentColor" viewBox="0 0 16 16" width="1em" version="1.1"><path fill-rule="evenodd" d="M0 6.75C0 5.784.784 5 1.75 5h1.5a.75.75 0 010 1.5h-1.5a.25.25 0 00-.25.25v7.5c0 .138.112.25.25.25h7.5a.25.25 0 00.25-.25v-1.5a.75.75 0 011.5 0v1.5A1.75 1.75 0 019.25 16h-7.5A1.75 1.75 0 010 14.25v-7.5z"></path><path fill-rule="evenodd" d="M5 1.75C5 .784 5.784 0 6.75 0h7.5C15.216 0 16 .784 16 1.75v7.5A1.75 1.75 0 0114.25 11h-7.5A1.75 1.75 0 015 9.25v-7.5zm1.75-.25a.25.25 0 00-.25.25v7.5c0 .138.112.25.25.25h7.5a.25.25 0 00.25-.25v-7.5a.25.25 0 00-.25-.25h-7.5z"></path></svg></div></div><code class="language-bash">ps -ef | grep java | awk &#x27;{print $2}&#x27; | xargs kill -9</code></pre><pre class="notion-code"><div class="notion-code-copy"><div class="notion-code-copy-button"><svg fill="currentColor" viewBox="0 0 16 16" width="1em" version="1.1"><path fill-rule="evenodd" d="M0 6.75C0 5.784.784 5 1.75 5h1.5a.75.75 0 010 1.5h-1.5a.25.25 0 00-.25.25v7.5c0 .138.112.25.25.25h7.5a.25.25 0 00.25-.25v-1.5a.75.75 0 011.5 0v1.5A1.75 1.75 0 019.25 16h-7.5A1.75 1.75 0 010 14.25v-7.5z"></path><path fill-rule="evenodd" d="M5 1.75C5 .784 5.784 0 6.75 0h7.5C15.216 0 16 .784 16 1.75v7.5A1.75 1.75 0 0114.25 11h-7.5A1.75 1.75 0 015 9.25v-7.5zm1.75-.25a.25.25 0 00-.25.25v7.5c0 .138.112.25.25.25h7.5a.25.25 0 00.25-.25v-7.5a.25.25 0 00-.25-.25h-7.5z"></path></svg></div></div><code class="language-java">@Test
public void test11() {

  long start = System.currentTimeMillis();
  int a = 0;
  for(int i=0;i&lt;1000000000;i++){
      try {
          a++;
      }catch (Exception e){
          e.printStackTrace();
      }
  }
  long useTime = System.currentTimeMillis()-start;
  System.out.println(&quot;useTime:&quot;+useTime);
}</code></pre><pre class="notion-code"><div class="notion-code-copy"><div class="notion-code-copy-button"><svg fill="currentColor" viewBox="0 0 16 16" width="1em" version="1.1"><path fill-rule="evenodd" d="M0 6.75C0 5.784.784 5 1.75 5h1.5a.75.75 0 010 1.5h-1.5a.25.25 0 00-.25.25v7.5c0 .138.112.25.25.25h7.5a.25.25 0 00.25-.25v-1.5a.75.75 0 011.5 0v1.5A1.75 1.75 0 019.25 16h-7.5A1.75 1.75 0 010 14.25v-7.5z"></path><path fill-rule="evenodd" d="M5 1.75C5 .784 5.784 0 6.75 0h7.5C15.216 0 16 .784 16 1.75v7.5A1.75 1.75 0 0114.25 11h-7.5A1.75 1.75 0 015 9.25v-7.5zm1.75-.25a.25.25 0 00-.25.25v7.5c0 .138.112.25.25.25h7.5a.25.25 0 00.25-.25v-7.5a.25.25 0 00-.25-.25h-7.5z"></path></svg></div></div><code class="language-python">#!/usr/bin/python3
import json
 
# Python 字典类型转换为 JSON 对象
data = {
    &#x27;no&#x27; : 1,
    &#x27;name&#x27; : &#x27;hello&#x27;,
    &#x27;url&#x27; : &#x27;http://tangly1024.com&#x27;
}
 
json_str = json.dumps(data)
print (&quot;Python 原始数据：&quot;, repr(data))
print (&quot;JSON 对象：&quot;, json_str)</code></pre><pre class="notion-code"><div class="notion-code-copy"><div class="notion-code-copy-button"><svg fill="currentColor" viewBox="0 0 16 16" width="1em" version="1.1"><path fill-rule="evenodd" d="M0 6.75C0 5.784.784 5 1.75 5h1.5a.75.75 0 010 1.5h-1.5a.25.25 0 00-.25.25v7.5c0 .138.112.25.25.25h7.5a.25.25 0 00.25-.25v-1.5a.75.75 0 011.5 0v1.5A1.75 1.75 0 019.25 16h-7.5A1.75 1.75 0 010 14.25v-7.5z"></path><path fill-rule="evenodd" d="M5 1.75C5 .784 5.784 0 6.75 0h7.5C15.216 0 16 .784 16 1.75v7.5A1.75 1.75 0 0114.25 11h-7.5A1.75 1.75 0 015 9.25v-7.5zm1.75-.25a.25.25 0 00-.25.25v7.5c0 .138.112.25.25.25h7.5a.25.25 0 00.25-.25v-7.5a.25.25 0 00-.25-.25h-7.5z"></path></svg></div></div><code class="language-r"># R 语言
#file.edit(path.expand(file.path(&quot;~&quot;, &quot;.Renviron&quot;)))
library(telegram.bot)
library(stringr)
# Initiate the bot session using the token from the enviroment variable.
bot = Bot(token = bot_token(&#x27;your_bot&#x27;))
usr_list &lt;- c(12344566, 12345566)</code></pre><pre class="notion-code"><div class="notion-code-copy"><div class="notion-code-copy-button"><svg fill="currentColor" viewBox="0 0 16 16" width="1em" version="1.1"><path fill-rule="evenodd" d="M0 6.75C0 5.784.784 5 1.75 5h1.5a.75.75 0 010 1.5h-1.5a.25.25 0 00-.25.25v7.5c0 .138.112.25.25.25h7.5a.25.25 0 00.25-.25v-1.5a.75.75 0 011.5 0v1.5A1.75 1.75 0 019.25 16h-7.5A1.75 1.75 0 010 14.25v-7.5z"></path><path fill-rule="evenodd" d="M5 1.75C5 .784 5.784 0 6.75 0h7.5C15.216 0 16 .784 16 1.75v7.5A1.75 1.75 0 0114.25 11h-7.5A1.75 1.75 0 015 9.25v-7.5zm1.75-.25a.25.25 0 00-.25.25v7.5c0 .138.112.25.25.25h7.5a.25.25 0 00.25-.25v-7.5a.25.25 0 00-.25-.25h-7.5z"></path></svg></div></div><code class="language-css">html {
	background-color: red;
}</code></pre><pre class="notion-code"><div class="notion-code-copy"><div class="notion-code-copy-button"><svg fill="currentColor" viewBox="0 0 16 16" width="1em" version="1.1"><path fill-rule="evenodd" d="M0 6.75C0 5.784.784 5 1.75 5h1.5a.75.75 0 010 1.5h-1.5a.25.25 0 00-.25.25v7.5c0 .138.112.25.25.25h7.5a.25.25 0 00.25-.25v-1.5a.75.75 0 011.5 0v1.5A1.75 1.75 0 019.25 16h-7.5A1.75 1.75 0 010 14.25v-7.5z"></path><path fill-rule="evenodd" d="M5 1.75C5 .784 5.784 0 6.75 0h7.5C15.216 0 16 .784 16 1.75v7.5A1.75 1.75 0 0114.25 11h-7.5A1.75 1.75 0 015 9.25v-7.5zm1.75-.25a.25.25 0 00-.25.25v7.5c0 .138.112.25.25.25h7.5a.25.25 0 00.25-.25v-7.5a.25.25 0 00-.25-.25h-7.5z"></path></svg></div></div><code class="language-cpp">#include &lt;iostream&gt;
using namespace std;
 
// main() 是程序开始执行的地方
 
int main()
{
   cout &lt;&lt; &quot;Hello World&quot;; // 输出 Hello World
   return 0;
}</code></pre><pre class="notion-code"><div class="notion-code-copy"><div class="notion-code-copy-button"><svg fill="currentColor" viewBox="0 0 16 16" width="1em" version="1.1"><path fill-rule="evenodd" d="M0 6.75C0 5.784.784 5 1.75 5h1.5a.75.75 0 010 1.5h-1.5a.25.25 0 00-.25.25v7.5c0 .138.112.25.25.25h7.5a.25.25 0 00.25-.25v-1.5a.75.75 0 011.5 0v1.5A1.75 1.75 0 019.25 16h-7.5A1.75 1.75 0 010 14.25v-7.5z"></path><path fill-rule="evenodd" d="M5 1.75C5 .784 5.784 0 6.75 0h7.5C15.216 0 16 .784 16 1.75v7.5A1.75 1.75 0 0114.25 11h-7.5A1.75 1.75 0 015 9.25v-7.5zm1.75-.25a.25.25 0 00-.25.25v7.5c0 .138.112.25.25.25h7.5a.25.25 0 00.25-.25v-7.5a.25.25 0 00-.25-.25h-7.5z"></path></svg></div></div><code class="language-csharp">using System;
namespace HelloWorldApplication
{
   class HelloWorld
   {
      static void Main(string[] args)
      {
         Console.WriteLine(&quot;Hello World&quot;);
         Console.ReadKey();
      }
   }
}</code></pre><pre class="notion-code"><div class="notion-code-copy"><div class="notion-code-copy-button"><svg fill="currentColor" viewBox="0 0 16 16" width="1em" version="1.1"><path fill-rule="evenodd" d="M0 6.75C0 5.784.784 5 1.75 5h1.5a.75.75 0 010 1.5h-1.5a.25.25 0 00-.25.25v7.5c0 .138.112.25.25.25h7.5a.25.25 0 00.25-.25v-1.5a.75.75 0 011.5 0v1.5A1.75 1.75 0 019.25 16h-7.5A1.75 1.75 0 010 14.25v-7.5z"></path><path fill-rule="evenodd" d="M5 1.75C5 .784 5.784 0 6.75 0h7.5C15.216 0 16 .784 16 1.75v7.5A1.75 1.75 0 0114.25 11h-7.5A1.75 1.75 0 015 9.25v-7.5zm1.75-.25a.25.25 0 00-.25.25v7.5c0 .138.112.25.25.25h7.5a.25.25 0 00.25-.25v-7.5a.25.25 0 00-.25-.25h-7.5z"></path></svg></div></div><code class="language-asm6502">.section __TEXT,__text,regular,pure_instructions
.macosx_version_min 10, 13
.globl _add_a_b
.p2align 4, 0x90
_add_a_b: ## @add_a_b
.cfi_startproc
## BB#0:
pushq %rbp
Lcfi0:
.cfi_def_cfa_offset 16
Lcfi1:
.cfi_offset %rbp, -16
movq %rsp, %rbp
Lcfi2:
.cfi_def_cfa_register %rbp
movl %edi, -4(%rbp)
movl %esi, -8(%rbp)
movl -4(%rbp), %esi
addl -8(%rbp), %esi
movl %esi, %eax
popq %rbp
retq
.cfi_endproc

.globl _main
.p2align 4, 0x90
_main: ## @main
.cfi_startproc
## BB#0:
pushq %rbp
Lcfi3:
.cfi_def_cfa_offset 16
Lcfi4:
.cfi_offset %rbp, -16
movq %rsp, %rbp
Lcfi5:
.cfi_def_cfa_register %rbp
subq $16, %rsp
movl $1, %edi
movl $2, %esi
movl $0, -4(%rbp)
callq _add_a_b
addq $16, %rsp
popq %rbp
retq
.cfi_endproc</code></pre></div></details><h3 class="notion-h notion-h2 notion-h-indent-1 notion-block-7de9f2bb6e8b4a0db12662148de95bd5" data-id="7de9f2bb6e8b4a0db12662148de95bd5"><span><div id="7de9f2bb6e8b4a0db12662148de95bd5" class="notion-header-anchor"></div><a class="notion-hash-link" href="#7de9f2bb6e8b4a0db12662148de95bd5" title="2.公式"><svg viewBox="0 0 16 16" width="16" height="16"><path fill-rule="evenodd" d="M7.775 3.275a.75.75 0 001.06 1.06l1.25-1.25a2 2 0 112.83 2.83l-2.5 2.5a2 2 0 01-2.83 0 .75.75 0 00-1.06 1.06 3.5 3.5 0 004.95 0l2.5-2.5a3.5 3.5 0 00-4.95-4.95l-1.25 1.25zm-4.69 9.64a2 2 0 010-2.83l2.5-2.5a2 2 0 012.83 0 .75.75 0 001.06-1.06 3.5 3.5 0 00-4.95 0l-2.5 2.5a3.5 3.5 0 004.95 4.95l1.25-1.25a.75.75 0 00-1.06-1.06l-1.25 1.25a2 2 0 01-2.83 0z"></path></svg></a><span class="notion-h-title">2.公式</span></span></h3><ul class="notion-list notion-list-disc notion-block-ab94ff2a42014ef58db9df5654521f11"><li>数学公式</li><ul class="notion-list notion-list-disc notion-block-ab94ff2a42014ef58db9df5654521f11"></ul></ul><ul class="notion-list notion-list-disc notion-block-42e4e244fe0246e39f7233a2471dffa1"><li>化学方程</li><ul class="notion-list notion-list-disc notion-block-42e4e244fe0246e39f7233a2471dffa1"><div class="notion-text notion-block-b7d89274b3594917ac8aebc13295506f"></div></ul></ul><details class="notion-toggle notion-block-8d7fc19cda474cada2c5a6257de3e1c9"><summary>其他更多公式</summary><div><div class="notion-blank notion-block-e6f9b1867a604e8a813615cc230bdced"> </div></div></details><h3 class="notion-h notion-h2 notion-h-indent-1 notion-block-32a7b6a9e1ba44a5982fa055f5b01366" data-id="32a7b6a9e1ba44a5982fa055f5b01366"><span><div id="32a7b6a9e1ba44a5982fa055f5b01366" class="notion-header-anchor"></div><a class="notion-hash-link" href="#32a7b6a9e1ba44a5982fa055f5b01366" title="3. 图表"><svg viewBox="0 0 16 16" width="16" height="16"><path fill-rule="evenodd" d="M7.775 3.275a.75.75 0 001.06 1.06l1.25-1.25a2 2 0 112.83 2.83l-2.5 2.5a2 2 0 01-2.83 0 .75.75 0 00-1.06 1.06 3.5 3.5 0 004.95 0l2.5-2.5a3.5 3.5 0 00-4.95-4.95l-1.25 1.25zm-4.69 9.64a2 2 0 010-2.83l2.5-2.5a2 2 0 012.83 0 .75.75 0 001.06-1.06 3.5 3.5 0 00-4.95 0l-2.5 2.5a3.5 3.5 0 004.95 4.95l1.25-1.25a.75.75 0 00-1.06-1.06l-1.25 1.25a2 2 0 01-2.83 0z"></path></svg></a><span class="notion-h-title">3. 图表</span></span></h3><pre class="notion-code"><div class="notion-code-copy"><div class="notion-code-copy-button"><svg fill="currentColor" viewBox="0 0 16 16" width="1em" version="1.1"><path fill-rule="evenodd" d="M0 6.75C0 5.784.784 5 1.75 5h1.5a.75.75 0 010 1.5h-1.5a.25.25 0 00-.25.25v7.5c0 .138.112.25.25.25h7.5a.25.25 0 00.25-.25v-1.5a.75.75 0 011.5 0v1.5A1.75 1.75 0 019.25 16h-7.5A1.75 1.75 0 010 14.25v-7.5z"></path><path fill-rule="evenodd" d="M5 1.75C5 .784 5.784 0 6.75 0h7.5C15.216 0 16 .784 16 1.75v7.5A1.75 1.75 0 0114.25 11h-7.5A1.75 1.75 0 015 9.25v-7.5zm1.75-.25a.25.25 0 00-.25.25v7.5c0 .138.112.25.25.25h7.5a.25.25 0 00.25-.25v-7.5a.25.25 0 00-.25-.25h-7.5z"></path></svg></div></div><code class="language-mermaid">graph LR;
公司架构--&gt;商务
公司架构--&gt;研发
公司架构--&gt;设计
公司架构--&gt;运营
公司架构--&gt;产品</code></pre><figcaption class="notion-asset-caption">思维导图</figcaption><h3 class="notion-h notion-h2 notion-h-indent-1 notion-block-75cd9f2882de41f7a5f2af4e0055aaf1" data-id="75cd9f2882de41f7a5f2af4e0055aaf1"><span><div id="75cd9f2882de41f7a5f2af4e0055aaf1" class="notion-header-anchor"></div><a class="notion-hash-link" href="#75cd9f2882de41f7a5f2af4e0055aaf1" title="4. PDF嵌入"><svg viewBox="0 0 16 16" width="16" height="16"><path fill-rule="evenodd" d="M7.775 3.275a.75.75 0 001.06 1.06l1.25-1.25a2 2 0 112.83 2.83l-2.5 2.5a2 2 0 01-2.83 0 .75.75 0 00-1.06 1.06 3.5 3.5 0 004.95 0l2.5-2.5a3.5 3.5 0 00-4.95-4.95l-1.25 1.25zm-4.69 9.64a2 2 0 010-2.83l2.5-2.5a2 2 0 012.83 0 .75.75 0 001.06-1.06 3.5 3.5 0 00-4.95 0l-2.5 2.5a3.5 3.5 0 004.95 4.95l1.25-1.25a.75.75 0 00-1.06-1.06l-1.25 1.25a2 2 0 01-2.83 0z"></path></svg></a><span class="notion-h-title">4. PDF嵌入</span></span></h3><figure class="notion-asset-wrapper notion-asset-wrapper-pdf notion-block-7ded683918db4e45842dc6422ad2513c"><div style="position:relative;display:block;justify-content:center;align-self:center;width:708px;max-width:100%;flex-direction:column;height:320px;overflow:auto;background:rgb(226, 226, 226);padding:8px 16px"></div></figure><h3 class="notion-h notion-h2 notion-h-indent-1 notion-block-e0cc9e30809d4960bdb2efb857c24ec6" data-id="e0cc9e30809d4960bdb2efb857c24ec6"><span><div id="e0cc9e30809d4960bdb2efb857c24ec6" class="notion-header-anchor"></div><a class="notion-hash-link" href="#e0cc9e30809d4960bdb2efb857c24ec6" title="5.下载附件"><svg viewBox="0 0 16 16" width="16" height="16"><path fill-rule="evenodd" d="M7.775 3.275a.75.75 0 001.06 1.06l1.25-1.25a2 2 0 112.83 2.83l-2.5 2.5a2 2 0 01-2.83 0 .75.75 0 00-1.06 1.06 3.5 3.5 0 004.95 0l2.5-2.5a3.5 3.5 0 00-4.95-4.95l-1.25 1.25zm-4.69 9.64a2 2 0 010-2.83l2.5-2.5a2 2 0 012.83 0 .75.75 0 001.06-1.06 3.5 3.5 0 00-4.95 0l-2.5 2.5a3.5 3.5 0 004.95 4.95l1.25-1.25a.75.75 0 00-1.06-1.06l-1.25 1.25a2 2 0 01-2.83 0z"></path></svg></a><span class="notion-h-title">5.下载附件</span></span></h3><div class="notion-file notion-block-3980297130094c34a5ee34c301fb022f"><a target="_blank" rel="noopener noreferrer" class="notion-file-link" href="https://file.notion.so/f/s/fab11580-96c3-4230-90f6-05257f00fb0a/%E6%B5%8B%E8%AF%95%E5%B5%8C%E5%85%A5PDF.pdf?id=39802971-3009-4c34-a5ee-34c301fb022f&amp;table=block&amp;spaceId=6c096b44-beb9-48ee-8f92-1efdde47f3a3&amp;expirationTimestamp=1686536764771&amp;signature=nk-KVdc9lJM77ZocXMdTT1VJrHWMufM5QUiDPc-Hdro"><svg class="notion-file-icon" viewBox="0 0 30 30"><path d="M22,8v12c0,3.866-3.134,7-7,7s-7-3.134-7-7V8c0-2.762,2.238-5,5-5s5,2.238,5,5v12c0,1.657-1.343,3-3,3s-3-1.343-3-3V8h-2v12c0,2.762,2.238,5,5,5s5-2.238,5-5V8c0-3.866-3.134-7-7-7S6,4.134,6,8v12c0,4.971,4.029,9,9,9s9-4.029,9-9V8H22z"></path></svg><div class="notion-file-info"><div class="notion-file-title">下载PDF附件.pdf</div><div class="notion-file-size">469.5KB</div></div></a></div><h3 class="notion-h notion-h2 notion-h-indent-1 notion-block-46e007896d6a4635aac3433bba79a5df" data-id="46e007896d6a4635aac3433bba79a5df"><span><div id="46e007896d6a4635aac3433bba79a5df" class="notion-header-anchor"></div><a class="notion-hash-link" href="#46e007896d6a4635aac3433bba79a5df" title="6. 照片集"><svg viewBox="0 0 16 16" width="16" height="16"><path fill-rule="evenodd" d="M7.775 3.275a.75.75 0 001.06 1.06l1.25-1.25a2 2 0 112.83 2.83l-2.5 2.5a2 2 0 01-2.83 0 .75.75 0 00-1.06 1.06 3.5 3.5 0 004.95 0l2.5-2.5a3.5 3.5 0 00-4.95-4.95l-1.25 1.25zm-4.69 9.64a2 2 0 010-2.83l2.5-2.5a2 2 0 012.83 0 .75.75 0 001.06-1.06 3.5 3.5 0 00-4.95 0l-2.5 2.5a3.5 3.5 0 004.95 4.95l1.25-1.25a.75.75 0 00-1.06-1.06l-1.25 1.25a2 2 0 01-2.83 0z"></path></svg></a><span class="notion-h-title">6. 照片集</span></span></h3><div><div></div><div class="notion-collection-header"><div class="notion-collection-header-title">照片集</div></div></div><div class="notion-collection notion-block-c7e030aa217d4855a44768f530b7a6f6"><div class="notion-gallery"><div class="notion-gallery-view"><div class="notion-gallery-grid notion-gallery-grid-size-large"><a class="notion-collection-card notion-collection-card-size-large" href="/fc758ffac897479d9a7161cce3272520"><div class="notion-collection-card-cover"><img style="object-fit:cover;object-position:center 30.000000000000004%" src="https://www.notion.so/images/page-cover/met_emanuel_leutze.jpg" alt="照片标题1" loading="lazy" decoding="async"/></div><div class="notion-collection-card-body"><div class="notion-collection-card-property"><span class="notion-property notion-property-title"><span class="notion-page-link"><span class="notion-page-title"><div class="notion-page-icon-inline notion-page-icon-image"><svg class="notion-page-title-icon notion-page-icon" alt="照片标题1" viewBox="0 0 30 30" width="16"><path d="M16,1H4v28h22V11L16,1z M16,3.828L23.172,11H16V3.828z M24,27H6V3h8v10h10V27z M8,17h14v-2H8V17z M8,21h14v-2H8V21z M8,25h14v-2H8V25z"></path></svg></div><span class="notion-page-title-text">照片标题1</span></span></span></span></div><div class="notion-collection-card-property"><span class="notion-property notion-property-text"><form action="https://preview.tangly1024.com/fc758ffac897479d9a7161cce3272520" target="_blank"><input type="submit" class="nested-form-link notion-link" value="查看"/></form></span></div></div></a><a class="notion-collection-card notion-collection-card-size-large" href="/77e3d7d4bd0f41dd9aaf3f0b99f2e04d"><div class="notion-collection-card-cover"><img style="object-fit:cover;object-position:center 100%" src="https://www.notion.so/images/page-cover/woodcuts_5.jpg" alt="照片标题2" loading="lazy" decoding="async"/></div><div class="notion-collection-card-body"><div class="notion-collection-card-property"><span class="notion-property notion-property-title"><span class="notion-page-link"><span class="notion-page-title"><div class="notion-page-icon-inline notion-page-icon-image"><svg class="notion-page-title-icon notion-page-icon" alt="照片标题2" viewBox="0 0 30 30" width="16"><path d="M16,1H4v28h22V11L16,1z M16,3.828L23.172,11H16V3.828z M24,27H6V3h8v10h10V27z M8,17h14v-2H8V17z M8,21h14v-2H8V21z M8,25h14v-2H8V25z"></path></svg></div><span class="notion-page-title-text">照片标题2</span></span></span></span></div><div class="notion-collection-card-property"><span class="notion-property notion-property-text"><form action="https://tangly1024.com/" target="_blank"><input type="submit" class="nested-form-link notion-link" value="https://tangly1024.com/"/></form></span></div></div></a></div></div></div></div><h3 class="notion-h notion-h2 notion-h-indent-1 notion-block-488fe62ea776424085e95fba92d18513" data-id="488fe62ea776424085e95fba92d18513"><span><div id="488fe62ea776424085e95fba92d18513" class="notion-header-anchor"></div><a class="notion-hash-link" href="#488fe62ea776424085e95fba92d18513" title="7. 内嵌网页"><svg viewBox="0 0 16 16" width="16" height="16"><path fill-rule="evenodd" d="M7.775 3.275a.75.75 0 001.06 1.06l1.25-1.25a2 2 0 112.83 2.83l-2.5 2.5a2 2 0 01-2.83 0 .75.75 0 00-1.06 1.06 3.5 3.5 0 004.95 0l2.5-2.5a3.5 3.5 0 00-4.95-4.95l-1.25 1.25zm-4.69 9.64a2 2 0 010-2.83l2.5-2.5a2 2 0 012.83 0 .75.75 0 001.06-1.06 3.5 3.5 0 00-4.95 0l-2.5 2.5a3.5 3.5 0 004.95 4.95l1.25-1.25a.75.75 0 00-1.06-1.06l-1.25 1.25a2 2 0 01-2.83 0z"></path></svg></a><span class="notion-h-title">7. 内嵌网页</span></span></h3><figure class="notion-asset-wrapper notion-asset-wrapper-embed notion-block-0262365a23ff471e9d94bd7bfa6bb9fe"><div style="position:relative;display:flex;justify-content:center;align-self:center;width:100%;max-width:100%;flex-direction:column;height:486.99713134765625px"><iframe class="notion-asset-object-fit" src="https://docs.tangly1024.com/zh" title="iframe embed" frameBorder="0" allowfullscreen="" loading="lazy" scrolling="auto"></iframe></div></figure><h3 class="notion-h notion-h2 notion-h-indent-1 notion-block-1fb0e4527d3d422aa7573959676eb0ba" data-id="1fb0e4527d3d422aa7573959676eb0ba"><span><div id="1fb0e4527d3d422aa7573959676eb0ba" class="notion-header-anchor"></div><a class="notion-hash-link" href="#1fb0e4527d3d422aa7573959676eb0ba" title="5.代办"><svg viewBox="0 0 16 16" width="16" height="16"><path fill-rule="evenodd" d="M7.775 3.275a.75.75 0 001.06 1.06l1.25-1.25a2 2 0 112.83 2.83l-2.5 2.5a2 2 0 01-2.83 0 .75.75 0 00-1.06 1.06 3.5 3.5 0 004.95 0l2.5-2.5a3.5 3.5 0 00-4.95-4.95l-1.25 1.25zm-4.69 9.64a2 2 0 010-2.83l2.5-2.5a2 2 0 012.83 0 .75.75 0 001.06-1.06 3.5 3.5 0 00-4.95 0l-2.5 2.5a3.5 3.5 0 004.95 4.95l1.25-1.25a.75.75 0 00-1.06-1.06l-1.25 1.25a2 2 0 01-2.83 0z"></path></svg></a><span class="notion-h-title">5.代办</span></span></h3><div class="notion-row notion-block-a1a14331820d4681ae012c0bc8b48f65"><div class="notion-column notion-block-d3738c0d47d6443e8bfe38f2ec3dfddd" style="width:calc((100% - (1 * min(32px, 4vw))) * 0.5)"><div class="notion-text notion-teal_background notion-block-126f0aa9ab3b4f6eadf34a8c3805a774">家庭</div><div class="notion-to-do notion-block-87a09476499e46eaa2bc7283fb7b3d1b"><div class="notion-to-do-item"><span class="notion-property notion-property-checkbox"><div class="notion-property-checkbox-unchecked"></div></span><div class="notion-to-do-body">洗衣</div></div><div class="notion-to-do-children"></div></div><div class="notion-to-do notion-block-6184f41c24af490e8be2aa71ad46263c"><div class="notion-to-do-item"><span class="notion-property notion-property-checkbox"><div class="notion-property-checkbox-unchecked"></div></span><div class="notion-to-do-body">做饭</div></div><div class="notion-to-do-children"></div></div></div><div class="notion-spacer"></div><div class="notion-column notion-block-12ac700a75124b69bf45d295519e9d71" style="width:calc((100% - (1 * min(32px, 4vw))) * 0.5)"><div class="notion-text notion-blue_background notion-block-1161379fcc6a4dfda9125b26b17c3ed3">事业</div><div class="notion-to-do notion-block-df478f02d6b244338ab288e1c1c064b9"><div class="notion-to-do-item"><span class="notion-property notion-property-checkbox"><div class="notion-property-checkbox-unchecked"></div></span><div class="notion-to-do-body">开会</div></div><div class="notion-to-do-children"></div></div><div class="notion-to-do notion-block-cb126b105f424f3097557b03ee8f0654"><div class="notion-to-do-item"><span class="notion-property notion-property-checkbox"><div class="notion-property-checkbox-unchecked"></div></span><div class="notion-to-do-body">加班</div></div><div class="notion-to-do-children"></div></div></div><div class="notion-spacer"></div></div><h3 class="notion-h notion-h2 notion-h-indent-1 notion-block-ec497fa96df44927be6f0b2fdf07572e" data-id="ec497fa96df44927be6f0b2fdf07572e"><span><div id="ec497fa96df44927be6f0b2fdf07572e" class="notion-header-anchor"></div><a class="notion-hash-link" href="#ec497fa96df44927be6f0b2fdf07572e" title="6.折叠列表"><svg viewBox="0 0 16 16" width="16" height="16"><path fill-rule="evenodd" d="M7.775 3.275a.75.75 0 001.06 1.06l1.25-1.25a2 2 0 112.83 2.83l-2.5 2.5a2 2 0 01-2.83 0 .75.75 0 00-1.06 1.06 3.5 3.5 0 004.95 0l2.5-2.5a3.5 3.5 0 00-4.95-4.95l-1.25 1.25zm-4.69 9.64a2 2 0 010-2.83l2.5-2.5a2 2 0 012.83 0 .75.75 0 001.06-1.06 3.5 3.5 0 00-4.95 0l-2.5 2.5a3.5 3.5 0 004.95 4.95l1.25-1.25a.75.75 0 00-1.06-1.06l-1.25 1.25a2 2 0 01-2.83 0z"></path></svg></a><span class="notion-h-title">6.折叠列表</span></span></h3><details class="notion-toggle notion-block-f8faebbfcc58408baab9bd605072a188"><summary>点击展开</summary><div><details class="notion-toggle notion-block-81a4b6d259974e4db0aefe1516bf00c1"><summary>点击展开</summary><div><details class="notion-toggle notion-block-bbaeea0d972a42c1a49f3ab97ccb3903"><summary>点击展开</summary><div><div class="notion-text notion-block-d4b91a6abeae488c816ab9f504b739fc">内容可以多级嵌套</div></div></details></div></details></div></details><hr class="notion-hr notion-block-f91777d0572c4f2c9832b0b44e1f18c6"/><div class="notion-blank notion-block-4c93f84135ad46989db7607a81818ec5"> </div><h3 class="notion-h notion-h2 notion-h-indent-1 notion-block-08b38d6cfdfb4d3aad6365266a9a4bdc" data-id="08b38d6cfdfb4d3aad6365266a9a4bdc"><span><div id="08b38d6cfdfb4d3aad6365266a9a4bdc" class="notion-header-anchor"></div><a class="notion-hash-link" href="#08b38d6cfdfb4d3aad6365266a9a4bdc" title="8. 同步块 "><svg viewBox="0 0 16 16" width="16" height="16"><path fill-rule="evenodd" d="M7.775 3.275a.75.75 0 001.06 1.06l1.25-1.25a2 2 0 112.83 2.83l-2.5 2.5a2 2 0 01-2.83 0 .75.75 0 00-1.06 1.06 3.5 3.5 0 004.95 0l2.5-2.5a3.5 3.5 0 00-4.95-4.95l-1.25 1.25zm-4.69 9.64a2 2 0 010-2.83l2.5-2.5a2 2 0 012.83 0 .75.75 0 001.06-1.06 3.5 3.5 0 00-4.95 0l-2.5 2.5a3.5 3.5 0 004.95 4.95l1.25-1.25a.75.75 0 00-1.06-1.06l-1.25 1.25a2 2 0 01-2.83 0z"></path></svg></a><span class="notion-h-title">8. 同步块 </span></span></h3><div class="notion-text notion-block-f8d887818c5b42e5bd0bffe89cc9037e">Notion支持将不同页面的块进行同步，即 SyncBlock，以下是来自另一个页面的块：</div><div class="notion-sync-block notion-block-77239affd7f946c1a865bf5f8c778674"><div class="notion-text notion-block-1011ab97eb404c4ead981e7459e67c8e">【sync-block】这是一段来自示例文章-3的段落 ，通过 SyncBlock同步。</div></div><div class="notion-callout notion-gray_background_co notion-block-85c3d346dbda4f2bb17e67c7223e80b9"><div class="notion-page-icon-inline notion-page-icon-span"><span class="notion-page-icon" role="img" aria-label="💡">💡</span></div><div class="notion-callout-text"><span class="notion-red_background">注意</span> ： 同步块的使用条件是源页面也要被<b>开放共享</b> ，否则NotionNext将无权访问，页面上会被忽略渲染。<figure class="notion-asset-wrapper notion-asset-wrapper-image notion-block-23f23ef1d51844aa94394a06d7774a8c"><div style="position:relative;display:flex;justify-content:center;align-self:center;width:100%;max-width:100%;flex-direction:column;height:100%"><img style="object-fit:cover" src="https://www.notion.so/image/https%3A%2F%2Fs3-us-west-2.amazonaws.com%2Fsecure.notion-static.com%2Fe078a58d-d9a8-48ac-8489-34d9d71b03c8%2FUntitled.png?table=block&amp;id=23f23ef1-d518-44aa-9439-4a06d7774a8c" alt="notion image" loading="lazy" decoding="async"/></div></figure></div></div><div class="notion-blank notion-block-0f6131b559f84b3d811dcb5cb7330590"> </div><h2 class="notion-h notion-h1 notion-h-indent-0 notion-block-59d21e39f7b2419cbf18dee5bc2d01ea" data-id="59d21e39f7b2419cbf18dee5bc2d01ea"><span><div id="59d21e39f7b2419cbf18dee5bc2d01ea" class="notion-header-anchor"></div><a class="notion-hash-link" href="#59d21e39f7b2419cbf18dee5bc2d01ea" title="多级目录"><svg viewBox="0 0 16 16" width="16" height="16"><path fill-rule="evenodd" d="M7.775 3.275a.75.75 0 001.06 1.06l1.25-1.25a2 2 0 112.83 2.83l-2.5 2.5a2 2 0 01-2.83 0 .75.75 0 00-1.06 1.06 3.5 3.5 0 004.95 0l2.5-2.5a3.5 3.5 0 00-4.95-4.95l-1.25 1.25zm-4.69 9.64a2 2 0 010-2.83l2.5-2.5a2 2 0 012.83 0 .75.75 0 001.06-1.06 3.5 3.5 0 00-4.95 0l-2.5 2.5a3.5 3.5 0 004.95 4.95l1.25-1.25a.75.75 0 00-1.06-1.06l-1.25 1.25a2 2 0 01-2.83 0z"></path></svg></a><span class="notion-h-title">多级目录</span></span></h2><div class="notion-text notion-block-9047c5555912403a8de02ec80ccc25a2">heading标题在博客中自动转为目录</div><div class="notion-row notion-block-9a38137c8b874a3294ae4fa556f0470a"><div class="notion-column notion-block-4bc8f508ab284db49aa8d8a0d9c203c4" style="width:calc((100% - (1 * min(32px, 4vw))) * 0.5)"><h3 class="notion-h notion-h2 notion-block-766203512ca141b9bb997fec05c79547" data-id="766203512ca141b9bb997fec05c79547"><span><div id="766203512ca141b9bb997fec05c79547" class="notion-header-anchor"></div><a class="notion-hash-link" href="#766203512ca141b9bb997fec05c79547" title="二级目录1"><svg viewBox="0 0 16 16" width="16" height="16"><path fill-rule="evenodd" d="M7.775 3.275a.75.75 0 001.06 1.06l1.25-1.25a2 2 0 112.83 2.83l-2.5 2.5a2 2 0 01-2.83 0 .75.75 0 00-1.06 1.06 3.5 3.5 0 004.95 0l2.5-2.5a3.5 3.5 0 00-4.95-4.95l-1.25 1.25zm-4.69 9.64a2 2 0 010-2.83l2.5-2.5a2 2 0 012.83 0 .75.75 0 001.06-1.06 3.5 3.5 0 00-4.95 0l-2.5 2.5a3.5 3.5 0 004.95 4.95l1.25-1.25a.75.75 0 00-1.06-1.06l-1.25 1.25a2 2 0 01-2.83 0z"></path></svg></a><span class="notion-h-title">二级目录1</span></span></h3><div class="notion-text notion-block-49eadcd1e4304156b88e15cf6cfe1f8e">二级内容 1</div></div><div class="notion-spacer"></div><div class="notion-column notion-block-eef90ab916374c64bb9d55930dffc9a0" style="width:calc((100% - (1 * min(32px, 4vw))) * 0.5)"><h3 class="notion-h notion-h2 notion-block-5f4af335b79a47abb0a7ff15268af561" data-id="5f4af335b79a47abb0a7ff15268af561"><span><div id="5f4af335b79a47abb0a7ff15268af561" class="notion-header-anchor"></div><a class="notion-hash-link" href="#5f4af335b79a47abb0a7ff15268af561" title="二级目录2"><svg viewBox="0 0 16 16" width="16" height="16"><path fill-rule="evenodd" d="M7.775 3.275a.75.75 0 001.06 1.06l1.25-1.25a2 2 0 112.83 2.83l-2.5 2.5a2 2 0 01-2.83 0 .75.75 0 00-1.06 1.06 3.5 3.5 0 004.95 0l2.5-2.5a3.5 3.5 0 00-4.95-4.95l-1.25 1.25zm-4.69 9.64a2 2 0 010-2.83l2.5-2.5a2 2 0 012.83 0 .75.75 0 001.06-1.06 3.5 3.5 0 00-4.95 0l-2.5 2.5a3.5 3.5 0 004.95 4.95l1.25-1.25a.75.75 0 00-1.06-1.06l-1.25 1.25a2 2 0 01-2.83 0z"></path></svg></a><span class="notion-h-title">二级目录2</span></span></h3><div class="notion-text notion-block-612c658b88d945bfad3ec05c30b05045">二级内容2</div></div><div class="notion-spacer"></div></div><h3 class="notion-h notion-h2 notion-h-indent-1 notion-block-19383acf03374fa182d3b6785c6af8b7" data-id="19383acf03374fa182d3b6785c6af8b7"><span><div id="19383acf03374fa182d3b6785c6af8b7" class="notion-header-anchor"></div><a class="notion-hash-link" href="#19383acf03374fa182d3b6785c6af8b7" title="二级目录3"><svg viewBox="0 0 16 16" width="16" height="16"><path fill-rule="evenodd" d="M7.775 3.275a.75.75 0 001.06 1.06l1.25-1.25a2 2 0 112.83 2.83l-2.5 2.5a2 2 0 01-2.83 0 .75.75 0 00-1.06 1.06 3.5 3.5 0 004.95 0l2.5-2.5a3.5 3.5 0 00-4.95-4.95l-1.25 1.25zm-4.69 9.64a2 2 0 010-2.83l2.5-2.5a2 2 0 012.83 0 .75.75 0 001.06-1.06 3.5 3.5 0 00-4.95 0l-2.5 2.5a3.5 3.5 0 004.95 4.95l1.25-1.25a.75.75 0 00-1.06-1.06l-1.25 1.25a2 2 0 01-2.83 0z"></path></svg></a><span class="notion-h-title">二级目录3</span></span></h3><div class="notion-row notion-block-140ac967244b435d87aefcd881bba04f"><div class="notion-column notion-block-13dd720504d9419e89cc68ea0105327b" style="width:calc((100% - (1 * min(32px, 4vw))) * 0.5)"><h4 class="notion-h notion-h3 notion-block-9d91f3d6d3b746018bacd18971ff891f" data-id="9d91f3d6d3b746018bacd18971ff891f"><span><div id="9d91f3d6d3b746018bacd18971ff891f" class="notion-header-anchor"></div><a class="notion-hash-link" href="#9d91f3d6d3b746018bacd18971ff891f" title="三级目录3.1"><svg viewBox="0 0 16 16" width="16" height="16"><path fill-rule="evenodd" d="M7.775 3.275a.75.75 0 001.06 1.06l1.25-1.25a2 2 0 112.83 2.83l-2.5 2.5a2 2 0 01-2.83 0 .75.75 0 00-1.06 1.06 3.5 3.5 0 004.95 0l2.5-2.5a3.5 3.5 0 00-4.95-4.95l-1.25 1.25zm-4.69 9.64a2 2 0 010-2.83l2.5-2.5a2 2 0 012.83 0 .75.75 0 001.06-1.06 3.5 3.5 0 00-4.95 0l-2.5 2.5a3.5 3.5 0 004.95 4.95l1.25-1.25a.75.75 0 00-1.06-1.06l-1.25 1.25a2 2 0 01-2.83 0z"></path></svg></a><span class="notion-h-title">三级目录3.1</span></span></h4><div class="notion-text notion-block-996a7ca4f57c4dc595cc5f515aae299b">不同级别的heading代表不同级别的目录</div></div><div class="notion-spacer"></div><div class="notion-column notion-block-72aaf1795b3645719a8d1aeff2588a75" style="width:calc((100% - (1 * min(32px, 4vw))) * 0.5)"><h4 class="notion-h notion-h3 notion-block-0a68beb389414de4957e4f067eb1c839" data-id="0a68beb389414de4957e4f067eb1c839"><span><div id="0a68beb389414de4957e4f067eb1c839" class="notion-header-anchor"></div><a class="notion-hash-link" href="#0a68beb389414de4957e4f067eb1c839" title="三级目录3.2"><svg viewBox="0 0 16 16" width="16" height="16"><path fill-rule="evenodd" d="M7.775 3.275a.75.75 0 001.06 1.06l1.25-1.25a2 2 0 112.83 2.83l-2.5 2.5a2 2 0 01-2.83 0 .75.75 0 00-1.06 1.06 3.5 3.5 0 004.95 0l2.5-2.5a3.5 3.5 0 00-4.95-4.95l-1.25 1.25zm-4.69 9.64a2 2 0 010-2.83l2.5-2.5a2 2 0 012.83 0 .75.75 0 001.06-1.06 3.5 3.5 0 00-4.95 0l-2.5 2.5a3.5 3.5 0 004.95 4.95l1.25-1.25a.75.75 0 00-1.06-1.06l-1.25 1.25a2 2 0 01-2.83 0z"></path></svg></a><span class="notion-h-title">三级目录3.2</span></span></h4><div class="notion-text notion-block-15dfbb2d70ab47bcbf01bd27d1edfdc7">高一级目录嵌套低一级目录</div></div><div class="notion-spacer"></div></div><h3 class="notion-h notion-h2 notion-h-indent-1 notion-block-67c0f7b658f8446285e3e7aef4174ece" data-id="67c0f7b658f8446285e3e7aef4174ece"><span><div id="67c0f7b658f8446285e3e7aef4174ece" class="notion-header-anchor"></div><a class="notion-hash-link" href="#67c0f7b658f8446285e3e7aef4174ece" title="多级列表"><svg viewBox="0 0 16 16" width="16" height="16"><path fill-rule="evenodd" d="M7.775 3.275a.75.75 0 001.06 1.06l1.25-1.25a2 2 0 112.83 2.83l-2.5 2.5a2 2 0 01-2.83 0 .75.75 0 00-1.06 1.06 3.5 3.5 0 004.95 0l2.5-2.5a3.5 3.5 0 00-4.95-4.95l-1.25 1.25zm-4.69 9.64a2 2 0 010-2.83l2.5-2.5a2 2 0 012.83 0 .75.75 0 001.06-1.06 3.5 3.5 0 00-4.95 0l-2.5 2.5a3.5 3.5 0 004.95 4.95l1.25-1.25a.75.75 0 00-1.06-1.06l-1.25 1.25a2 2 0 01-2.83 0z"></path></svg></a><span class="notion-h-title">多级列表</span></span></h3><ul class="notion-list notion-list-disc notion-block-d23a5aa67935458790c544ed9381c19a"><li>事物的必然性</li></ul><ol start="1" class="notion-list notion-list-numbered notion-block-48ec22be2c134dd5b4c7e0ca8401f475"><li>事物按规律变化，也有一种不可避免的性质．这种性质就叫做<b>必然性</b></li><ol class="notion-list notion-list-numbered notion-block-48ec22be2c134dd5b4c7e0ca8401f475"><li>事物的必然性，是事物本身的性质（我们反对宿命论的是其认为这一切是受神明的支配，而不是反对事物发展中存在的不可避免的性质的事实）</li><ol class="notion-list notion-list-numbered notion-block-5482440bad3a4e2c911d226cebed353c"><li>第三级别列表</li><li>第三级别列表</li></ol><li>其决定于它自己本身发展的情况和周围的条件</li><ol class="notion-list notion-list-numbered notion-block-edf2578454d54c65ac1e7f3ac52e6ab4"><li>第三级别列表</li><ol class="notion-list notion-list-numbered notion-block-be780eeee70c45d5a5ad36bf9a3434a0"><li>第三级别列表</li></ol></ol></ol></ol><h2 class="notion-h notion-h1 notion-h-indent-0 notion-block-f39623e637514a0d9ce9f2eb40146491" data-id="f39623e637514a0d9ce9f2eb40146491"><span><div id="f39623e637514a0d9ce9f2eb40146491" class="notion-header-anchor"></div><a class="notion-hash-link" href="#f39623e637514a0d9ce9f2eb40146491" title="模板使用说明"><svg viewBox="0 0 16 16" width="16" height="16"><path fill-rule="evenodd" d="M7.775 3.275a.75.75 0 001.06 1.06l1.25-1.25a2 2 0 112.83 2.83l-2.5 2.5a2 2 0 01-2.83 0 .75.75 0 00-1.06 1.06 3.5 3.5 0 004.95 0l2.5-2.5a3.5 3.5 0 00-4.95-4.95l-1.25 1.25zm-4.69 9.64a2 2 0 010-2.83l2.5-2.5a2 2 0 012.83 0 .75.75 0 001.06-1.06 3.5 3.5 0 00-4.95 0l-2.5 2.5a3.5 3.5 0 004.95 4.95l1.25-1.25a.75.75 0 00-1.06-1.06l-1.25 1.25a2 2 0 01-2.83 0z"></path></svg></a><span class="notion-h-title">模板使用说明</span></span></h2><div class="notion-text notion-block-e9273669ed36451da3f9787837fb8386">若要部署你的NotionNext项目，请复制该模板，并按照模板格式创建文章：</div><div class="notion-row"><a target="_blank" rel="noopener noreferrer" class="notion-bookmark notion-block-19936e6c1a774685b1b0932bc8b7d40b" href="https://tanghh.notion.site/02ab3b8678004aa69e9e415905ef32a5?v=b7eb215720224ca5827bfaa5ef82cf2d"><div><div class="notion-bookmark-title">NOTION BLOG</div><div class="notion-bookmark-description">演示站点描述</div><div class="notion-bookmark-link"><div class="notion-bookmark-link-text">https://tanghh.notion.site/02ab3b8678004aa69e9e415905ef32a5?v=b7eb215720224ca5827bfaa5ef82cf2d</div></div></div><div class="notion-bookmark-image"><img style="object-fit:cover" src="https://tanghh.notion.site/image/https%3A%2F%2Fp1.qhimg.com%2Fbdm%2F1600_900_100%2Ft01e66d486b8e826270.jpg?table=collection&amp;id=4379bc14-5d22-453b-a153-12639616fc01&amp;spaceId=6c096b44-beb9-48ee-8f92-1efdde47f3a3&amp;width=2000&amp;userId=&amp;cache=v2" alt="NOTION BLOG" loading="lazy" decoding="async"/></div></a></div><div class="notion-text notion-block-548780a27746435c8799628311eb197b">Notion页面中，每篇文章都将有以下属性🤔：</div><table class="notion-simple-table notion-block-605a007dfc0f4aba9d83d6646f75e29c"><tbody><tr class="notion-simple-table-row notion-block-a3ba15e7f1f045a0b2e265afa2383a4c"><td class="" style="width:148px"><div class="notion-simple-table-cell">属性</div></td><td class="" style="width:77.00000762939453px"><div class="notion-simple-table-cell">必填</div></td><td class="" style="width:239.00001525878906px"><div class="notion-simple-table-cell">说明</div></td><td class="" style="width:315.66668701171875px"><div class="notion-simple-table-cell">备注</div></td></tr><tr class="notion-simple-table-row notion-block-b6161c75f30b4f1291842facf8050e3f"><td class="" style="width:148px"><div class="notion-simple-table-cell"><code class="notion-inline-code">title</code></div></td><td class="" style="width:77.00000762939453px"><div class="notion-simple-table-cell"> 是</div></td><td class="" style="width:239.00001525878906px"><div class="notion-simple-table-cell"> 文章标题</div></td><td class="" style="width:315.66668701171875px"><div class="notion-simple-table-cell">ㅤ</div></td></tr><tr class="notion-simple-table-row notion-block-20cd43c77dbe46848fd67c5d3cccb867"><td class="" style="width:148px"><div class="notion-simple-table-cell"><code class="notion-inline-code">status</code></div></td><td class="" style="width:77.00000762939453px"><div class="notion-simple-table-cell">是</div></td><td class="" style="width:239.00001525878906px"><div class="notion-simple-table-cell">发布状态</div></td><td class="" style="width:315.66668701171875px"><div class="notion-simple-table-cell">（仅当状态为<code class="notion-inline-code">Published</code> 时会被 展示）</div></td></tr><tr class="notion-simple-table-row notion-block-4a616b4b93514c579f187236093fef68"><td class="" style="width:148px"><div class="notion-simple-table-cell"><code class="notion-inline-code">type</code></div></td><td class="" style="width:77.00000762939453px"><div class="notion-simple-table-cell">是</div></td><td class="" style="width:239.00001525878906px"><div class="notion-simple-table-cell">页面类型 (博文<code class="notion-inline-code">Post</code> / 单页(<code class="notion-inline-code">Page</code>)</div></td><td class="" style="width:315.66668701171875px"><div class="notion-simple-table-cell">单页不会在博文列表显示 。</div></td></tr><tr class="notion-simple-table-row notion-block-b7eed8dec073496081efb75b014ab5bd"><td class="" style="width:148px"><div class="notion-simple-table-cell"><code class="notion-inline-code">summary</code></div></td><td class="" style="width:77.00000762939453px"><div class="notion-simple-table-cell">否</div></td><td class="" style="width:239.00001525878906px"><div class="notion-simple-table-cell">内容摘要</div></td><td class="" style="width:315.66668701171875px"><div class="notion-simple-table-cell">搜索和简略显示会用到</div></td></tr><tr class="notion-simple-table-row notion-block-20ae1a6e7d0c456ba510c03cb00454dc"><td class="" style="width:148px"><div class="notion-simple-table-cell"><code class="notion-inline-code">date</code></div></td><td class="" style="width:77.00000762939453px"><div class="notion-simple-table-cell">否</div></td><td class="" style="width:239.00001525878906px"><div class="notion-simple-table-cell">发布日期</div></td><td class="" style="width:315.66668701171875px"><div class="notion-simple-table-cell">在V3.3.9之前的版本此项为必填。</div></td></tr><tr class="notion-simple-table-row notion-block-44854eb0485e48cc81b65b80488d3b7d"><td class="" style="width:148px"><div class="notion-simple-table-cell"><code class="notion-inline-code">category</code></div></td><td class="" style="width:77.00000762939453px"><div class="notion-simple-table-cell">否</div></td><td class="" style="width:239.00001525878906px"><div class="notion-simple-table-cell">文章分类</div></td><td class="" style="width:315.66668701171875px"><div class="notion-simple-table-cell">可以自定义</div></td></tr><tr class="notion-simple-table-row notion-block-c7ca1f34ec0f4c5684c8cab6ff13ca7f"><td class="" style="width:148px"><div class="notion-simple-table-cell"><code class="notion-inline-code">tags</code></div></td><td class="" style="width:77.00000762939453px"><div class="notion-simple-table-cell">否</div></td><td class="" style="width:239.00001525878906px"><div class="notion-simple-table-cell">文章标签</div></td><td class="" style="width:315.66668701171875px"><div class="notion-simple-table-cell">可多个，建议不要太多</div></td></tr><tr class="notion-simple-table-row notion-block-66668f66e0a749d4af0e2e1277dff157"><td class="" style="width:148px"><div class="notion-simple-table-cell"><code class="notion-inline-code">slug</code></div></td><td class="" style="width:77.00000762939453px"><div class="notion-simple-table-cell">否</div></td><td class="" style="width:239.00001525878906px"><div class="notion-simple-table-cell">文章短路径</div></td><td class="" style="width:315.66668701171875px"><div class="notion-simple-table-cell"> (每篇文章唯一，请勿 重复）</div></td></tr><tr class="notion-simple-table-row notion-block-3f432717e38f4cf2b6488a82826e6d46"><td class="" style="width:148px"><div class="notion-simple-table-cell"><code class="notion-inline-code">icon</code></div></td><td class="" style="width:77.00000762939453px"><div class="notion-simple-table-cell">否</div></td><td class="" style="width:239.00001525878906px"><div class="notion-simple-table-cell">菜单栏图标(仅当<code class="notion-inline-code">Page</code>类型有效)</div></td><td class="" style="width:315.66668701171875px"><div class="notion-simple-table-cell">可以参考：<a target="_blank" rel="noopener noreferrer" class="notion-link" href="https://fontawesome.com/v6/search">图标库地址</a></div></td></tr><tr class="notion-simple-table-row notion-block-224b5680aeff427daf0027a29a0684f6"><td class="" style="width:148px"><div class="notion-simple-table-cell"><code class="notion-inline-code">password</code></div></td><td class="" style="width:77.00000762939453px"><div class="notion-simple-table-cell"> 否</div></td><td class="" style="width:239.00001525878906px"><div class="notion-simple-table-cell"> 文章加锁</div></td><td class="" style="width:315.66668701171875px"><div class="notion-simple-table-cell"> 需要输入密码才允许访问</div></td></tr></tbody></table><h2 class="notion-h notion-h1 notion-h-indent-0 notion-block-fd4c19bc0de440eaa0388e0c97744ff3" data-id="fd4c19bc0de440eaa0388e0c97744ff3"><span><div id="fd4c19bc0de440eaa0388e0c97744ff3" class="notion-header-anchor"></div><a class="notion-hash-link" href="#fd4c19bc0de440eaa0388e0c97744ff3" title="评论插件"><svg viewBox="0 0 16 16" width="16" height="16"><path fill-rule="evenodd" d="M7.775 3.275a.75.75 0 001.06 1.06l1.25-1.25a2 2 0 112.83 2.83l-2.5 2.5a2 2 0 01-2.83 0 .75.75 0 00-1.06 1.06 3.5 3.5 0 004.95 0l2.5-2.5a3.5 3.5 0 00-4.95-4.95l-1.25 1.25zm-4.69 9.64a2 2 0 010-2.83l2.5-2.5a2 2 0 012.83 0 .75.75 0 001.06-1.06 3.5 3.5 0 00-4.95 0l-2.5 2.5a3.5 3.5 0 004.95 4.95l1.25-1.25a.75.75 0 00-1.06-1.06l-1.25 1.25a2 2 0 01-2.83 0z"></path></svg></a><span class="notion-h-title">评论插件</span></span></h2><div class="notion-text notion-block-f0b6509edfc74cc6a02d29e2c5d2dcea">系统支持 Waline\Giscus\Valine\GitTalk\Utterance\Cusdis\Twikoo六种评论插件，并且可以同时开启，点击评论区的Tab来体验。</div><div class="notion-text notion-block-f729e40691584baa9043148399a69893">按照以下教程可以开启响应的评论插件</div><div class="notion-row"><a target="_blank" rel="noopener noreferrer" class="notion-bookmark notion-block-d35a0f34d6b54a6181a036518f8e6f7b" href="https://tangly1024.com/article/notionnext-twikoo"><div><div class="notion-bookmark-title">NotionNext配置评论插件Twikoo | TANGLY&#x27;s BLOG</div><div class="notion-bookmark-description">一个简洁、安全、免费的静态网站评论系统，基于 腾讯云开发 。 经评论区网友推荐，我开始使用 Twikoo，一番体验，发现Twikoo真的很强大，目前我决定用它作为主要评论插件。 twikoo支持在页面上直接管理评论、配置插件，非常强大 在最新版本中 NotionNext已经 支持该评论插件，配置 方法很简单： 在Vercel后台添加一个环境变量 NEXT_PUBLIC_COMMENT_ENV_ID ; 值为您部署好的 twikoo 后台地址。以我的举例： 借助vercel，您可以非常快速地部署自己的twikoo后台，用于储存评论数据。 twikoo的后台数据存储是基于MongoDB数据库的，我们可以先注册创建一个免费的在线MongoDB数据库。 创建MongoDB数据库 1.注册账号 创建数据库 这里下方要设置一个允许访问该数据库的IP地址，推荐设置0.0.0.0，即所有地址都允许访问，毕竟我也不知道自己会用什么ip访问这个数据库。 2.获取数据库连接地址 Vercel一键部署 点击Create将twikoo的代码拷入您的仓库 配置MongoDB数据库地址 添加一个配置 MONGODB_URI 环境变量即可，其值为上一步获得的MongoDB连接地址，注意将链接中MONGODB的密码 替换成您设置的。 上述部署完成后，您将获得一个vercel的twikoo后台页面，您可以选择像我一样映射成二级域名 将您的twikoo后台地址配置在NotionNext的后台，并redeploy即可。 到此完成~ 点击右下角的小齿轮即可配置您的管理员密码、并进行更多的功能设置。赶快体验吧~ 可以访问官方文档获取安装部署帮助，并且查看Twikoo的更多特性。 NotionNext支持多种评论插件，可访问以下文章获得帮助：</div><div class="notion-bookmark-link"><div class="notion-bookmark-link-icon"><img src="https://tangly1024.com/favicon.ico" alt="NotionNext配置评论插件Twikoo | TANGLY&#x27;s BLOG" loading="lazy" decoding="async"/></div><div class="notion-bookmark-link-text">https://tangly1024.com/article/notionnext-twikoo</div></div></div><div class="notion-bookmark-image"><img style="object-fit:cover" src="https://images.unsplash.com/photo-1564419320603-628d868a193f?ixlib=rb-4.0.3&amp;q=80&amp;fm=jpg&amp;crop=entropy&amp;cs=tinysrgb" alt="NotionNext配置评论插件Twikoo | TANGLY&#x27;s BLOG" loading="lazy" decoding="async"/></div></a></div><div class="notion-row"><a target="_blank" rel="noopener noreferrer" class="notion-bookmark notion-block-83caa5eff141412aa469542d934d7147" href="https://tangly1024.com/article/notion-next-comment-plugin"><div><div class="notion-bookmark-title">NotionNext如何添加评论插件 | TANGLY&#x27;s BLOG</div><div class="notion-bookmark-description">NotionNext支持多种评论插件，其中体验比较好的我个人觉得是Twikoo，您可以参考以下教程进行配置安装： 您也可以选择Valine/Waline，关于Valine/Waline的部署可以访问此篇文章： Utterance 、 Giscus 、Gitalk 其中部署最便捷的当属 Cusdis 和 Utterance 这两个插件。您可以任选一个部署，当然，您也可以选择同时部署多个。 完成效果预览 点击Start for free ，并用Github登录即可 Sign in With Github (点击查看截图) [可选] 配置邮件通知地址，以便收到新评论时邮件通知您，（点击展开截图） 点击Embed Code获取您的应用ID，即data-app-id, 复制这串id备用。 在Vercel后台添加一个环境变量 NEXT_PUBLIC_COMMENT_CUSDIS_APP_ID，值为上面获取到的data-app-id。 完成预览效果 在您的Github中创建一个开源项目用于存放评论 在github中安装utterance插件 允许utterance访问所有仓库，并勾选install，可以只勾选作为评论用的仓库地址。 将用作评论仓库名添加到Vercel添加环境变量 后台 settings→ environment variables → 添加 → save 即可。如下图： 注意， 仓库名的格式是 [您的用户名/您的仓库名] 如下示例 完成预览效果 在您的Github中创建一个开源项目用于存放评论 创建一个授权秘钥，并保存您的ClientID与ClientSecret Authorization callback URL 填写您网站域名 填写配置的效果 ，点击 register application 即可创建。 点击 Generate a new client secret 生成您的密码 复制 Client ID和刚生成的 Client secret （对应图中2和3）备用。 在Vercel后台配置环境变量 NEXT_PUBLIC_COMMENT_GITALK_CLIENT_ID NEXT_PUBLIC_COMMENT_GITALK_CLIENT_SECRET NEXT_PUBLIC_COMMENT_GITALK_CLIENT_ID NEXT_PUBLIC_COMMENT_GITALK_CLIENT_SECRET 项目会在您的Github项目讨论区创建评论数据，便于维护管理 , 完成效果 预览 您可以在Github的Discusstion讨论区随时管理评论。 在您的Github中创建一个开源项目用于存放评论 在项目Setting中开启discussion功能 在Github中安装giscus应用 点击右上方的Install即可，并确认 允许访问仓库数据权限： 默认勾选All repositories即可。也可以只勾选用作评论的仓库，（后续还可以再回来配置） 访问Giscus填写并获取您的Giscus配置参数 主要配置输入您的仓库名，并选择 Discussion分类为 Announcements .</div><div class="notion-bookmark-link"><div class="notion-bookmark-link-icon"><img src="https://tangly1024.com/favicon.ico" alt="NotionNext如何添加评论插件 | TANGLY&#x27;s BLOG" loading="lazy" decoding="async"/></div><div class="notion-bookmark-link-text">https://tangly1024.com/article/notion-next-comment-plugin</div></div></div><div class="notion-bookmark-image"><img style="object-fit:cover" src="https://tangly1024.com/bg_image.jpg" alt="NotionNext如何添加评论插件 | TANGLY&#x27;s BLOG" loading="lazy" decoding="async"/></div></a></div><div class="notion-row"><a target="_blank" rel="noopener noreferrer" class="notion-bookmark notion-block-43105988677b485796be272139671537" href="https://tangly1024.com/article/notionnext-valine"><div><div class="notion-bookmark-title">NotionNext配置Valine/Waline评论插件 | TANGLY&#x27;s BLOG</div><div class="notion-bookmark-description">Valine插件需要LeanCloud后端提供数据库存储功能，请按照以下步骤配置。 而Waline 的前置步骤和Valine基本一致，只是多了一个部署Waline的Vercel服务步骤。由于Waline配置了完善的后台管理功能，所以使用Waline就不需要再配合Admin-Valine项目运行。 应用创建好以后，进入刚刚创建的应用，选择左下角的 设置&gt; 应用Key，然后就能看到你的 APP ID和 APP Key 了： 为了你的数据安全，请设置自己的 安全域名 ：只有以下设置的域名，才允许访问你的valine数据 支持的Valine配置在NotionNext项目的blog.config.js 中，请在Vercel后台的环境变量中配置： serverURLs在应用内部会尝试自动获取，如果发现获取失败，请手动提供 刚刚创建的应用，选择左下角的 设置&gt; 应用Key，找到 Request 域名 第一行 需要在akismet中注册账号并获取免费的key： https://akismet.com/account ，并在LeanCloud中配置 AKISMET_KEY 变量 参考官方文档，在你的Vercel上部署一个valine应用。而后在你的NotionNext环境变量中添加你的waline服务地址环境变量： NEXT_PUBLIC_WALINE_SERVER_URL 即可生效。</div><div class="notion-bookmark-link"><div class="notion-bookmark-link-icon"><img src="https://tangly1024.com/favicon.ico" alt="NotionNext配置Valine/Waline评论插件 | TANGLY&#x27;s BLOG" loading="lazy" decoding="async"/></div><div class="notion-bookmark-link-text">https://tangly1024.com/article/notionnext-valine</div></div></div><div class="notion-bookmark-image"><img style="object-fit:cover" src="https://www.notion.so/image/https%3A%2F%2Fs3-us-west-2.amazonaws.com%2Fsecure.notion-static.com%2F10eb466a-599b-4513-bcbf-2331cf88078d%2Fpexels-photo-546819.webp?table=block&amp;id=bee1fccf-a3bd-47a1-a7be-83cc71372d83&amp;cache=v2" alt="NotionNext配置Valine/Waline评论插件 | TANGLY&#x27;s BLOG" loading="lazy" decoding="async"/></div></a></div><div class="notion-blank notion-block-517fd5014fae491e89af373bba175082"> </div><div class="notion-file notion-block-a7d89bbd87c64a4eb49d67339645680e"><a target="_blank" rel="noopener noreferrer" class="notion-file-link" href="https://file.notion.so/f/s/20ecd1ff-e4de-4471-b86f-6f14ec891fc0/%E6%B5%8B%E8%AF%95%E5%B5%8C%E5%85%A5PDF.pdf?id=a7d89bbd-87c6-4a4e-b49d-67339645680e&amp;table=block&amp;spaceId=6c096b44-beb9-48ee-8f92-1efdde47f3a3&amp;expirationTimestamp=1686536764770&amp;signature=MXPjdHnBFCsj-4XvPjuth7x1Y9ImVMEeeaJPMO-siNY"><svg class="notion-file-icon" viewBox="0 0 30 30"><path d="M22,8v12c0,3.866-3.134,7-7,7s-7-3.134-7-7V8c0-2.762,2.238-5,5-5s5,2.238,5,5v12c0,1.657-1.343,3-3,3s-3-1.343-3-3V8h-2v12c0,2.762,2.238,5,5,5s5-2.238,5-5V8c0-3.866-3.134-7-7-7S6,4.134,6,8v12c0,4.971,4.029,9,9,9s9-4.029,9-9V8H22z"></path></svg><div class="notion-file-info"><div class="notion-file-title">测试嵌入PDF.pdf</div><div class="notion-file-size">469.5KB</div></div></a></div></main></div>]]></content>
    </entry>
    <entry>
        <title type="html"><![CDATA[空白文章3]]></title>
        <id>https://tangly1024.com/article/example-3</id>
        <link href="https://tangly1024.com/article/example-3"/>
        <updated>2021-07-02T00:00:00.000Z</updated>
        <summary type="html"><![CDATA[仅供列表展示、文章无内容，仅供列表展示、文章无内容，仅供列表展示、文章无内容。]]></summary>
        <content type="html"><![CDATA[<div id="container" class="mx-auto undefined"><main class="notion light-mode notion-page notion-block-dc4f233c5ec94ba8b9432e5e1f408ad6"><div class="notion-viewport"></div><div class="notion-collection-page-properties"></div><div class="notion-blank notion-block-965218bede4044e88c95ad661e750bb0"> </div><div class="notion-callout notion-gray_background_co notion-block-77c77977cc614b2b8c0e665313517144"><div class="notion-page-icon-inline notion-page-icon-span"><span class="notion-page-icon" role="img" aria-label="😀">😀</span></div><div class="notion-callout-text">这里写文章的前言：
一个简单的开头,简述这篇文章讨论的问题、目标、人物、背景是什么？并简述你给出的答案。<div class="notion-text notion-block-94983a4db6574bcba5e15f52bd6e1185">可以说说你的故事：阻碍、努力、结果成果，意外与转折。</div></div></div><div class="notion-blank notion-block-8b2f8e64dc0c4338a9a0b329e45bfa31"> </div><h2 class="notion-h notion-h1 notion-h-indent-0 notion-block-ba0bf804693e4b2cace888d9c5c2c35e" data-id="ba0bf804693e4b2cace888d9c5c2c35e"><span><div id="ba0bf804693e4b2cace888d9c5c2c35e" class="notion-header-anchor"></div><a class="notion-hash-link" href="#ba0bf804693e4b2cace888d9c5c2c35e" title="📝 主旨内容"><svg viewBox="0 0 16 16" width="16" height="16"><path fill-rule="evenodd" d="M7.775 3.275a.75.75 0 001.06 1.06l1.25-1.25a2 2 0 112.83 2.83l-2.5 2.5a2 2 0 01-2.83 0 .75.75 0 00-1.06 1.06 3.5 3.5 0 004.95 0l2.5-2.5a3.5 3.5 0 00-4.95-4.95l-1.25 1.25zm-4.69 9.64a2 2 0 010-2.83l2.5-2.5a2 2 0 012.83 0 .75.75 0 001.06-1.06 3.5 3.5 0 00-4.95 0l-2.5 2.5a3.5 3.5 0 004.95 4.95l1.25-1.25a.75.75 0 00-1.06-1.06l-1.25 1.25a2 2 0 01-2.83 0z"></path></svg></a><span class="notion-h-title">📝 主旨内容</span></span></h2><h3 class="notion-h notion-h2 notion-h-indent-1 notion-block-d21cfe22520945bdb3352889c875b9a3" data-id="d21cfe22520945bdb3352889c875b9a3"><span><div id="d21cfe22520945bdb3352889c875b9a3" class="notion-header-anchor"></div><a class="notion-hash-link" href="#d21cfe22520945bdb3352889c875b9a3" title="观点1"><svg viewBox="0 0 16 16" width="16" height="16"><path fill-rule="evenodd" d="M7.775 3.275a.75.75 0 001.06 1.06l1.25-1.25a2 2 0 112.83 2.83l-2.5 2.5a2 2 0 01-2.83 0 .75.75 0 00-1.06 1.06 3.5 3.5 0 004.95 0l2.5-2.5a3.5 3.5 0 00-4.95-4.95l-1.25 1.25zm-4.69 9.64a2 2 0 010-2.83l2.5-2.5a2 2 0 012.83 0 .75.75 0 001.06-1.06 3.5 3.5 0 00-4.95 0l-2.5 2.5a3.5 3.5 0 004.95 4.95l1.25-1.25a.75.75 0 00-1.06-1.06l-1.25 1.25a2 2 0 01-2.83 0z"></path></svg></a><span class="notion-h-title">观点1</span></span></h3><blockquote class="notion-quote notion-block-239ffca791464af690690e5d7d6f8442"><div>引用的话语</div></blockquote><h3 class="notion-h notion-h2 notion-h-indent-1 notion-block-863553d3c3f146d59ac13e7084fde426" data-id="863553d3c3f146d59ac13e7084fde426"><span><div id="863553d3c3f146d59ac13e7084fde426" class="notion-header-anchor"></div><a class="notion-hash-link" href="#863553d3c3f146d59ac13e7084fde426" title="观点2"><svg viewBox="0 0 16 16" width="16" height="16"><path fill-rule="evenodd" d="M7.775 3.275a.75.75 0 001.06 1.06l1.25-1.25a2 2 0 112.83 2.83l-2.5 2.5a2 2 0 01-2.83 0 .75.75 0 00-1.06 1.06 3.5 3.5 0 004.95 0l2.5-2.5a3.5 3.5 0 00-4.95-4.95l-1.25 1.25zm-4.69 9.64a2 2 0 010-2.83l2.5-2.5a2 2 0 012.83 0 .75.75 0 001.06-1.06 3.5 3.5 0 00-4.95 0l-2.5 2.5a3.5 3.5 0 004.95 4.95l1.25-1.25a.75.75 0 00-1.06-1.06l-1.25 1.25a2 2 0 01-2.83 0z"></path></svg></a><span class="notion-h-title">观点2</span></span></h3><blockquote class="notion-quote notion-block-a83dfbac3b2b4b9aaf5bccc799205e5e"><div>引用的话语</div></blockquote><h2 class="notion-h notion-h1 notion-h-indent-0 notion-block-0b70566dfbf1491ca60df3a0668364a4" data-id="0b70566dfbf1491ca60df3a0668364a4"><span><div id="0b70566dfbf1491ca60df3a0668364a4" class="notion-header-anchor"></div><a class="notion-hash-link" href="#0b70566dfbf1491ca60df3a0668364a4" title="🤗 总结归纳"><svg viewBox="0 0 16 16" width="16" height="16"><path fill-rule="evenodd" d="M7.775 3.275a.75.75 0 001.06 1.06l1.25-1.25a2 2 0 112.83 2.83l-2.5 2.5a2 2 0 01-2.83 0 .75.75 0 00-1.06 1.06 3.5 3.5 0 004.95 0l2.5-2.5a3.5 3.5 0 00-4.95-4.95l-1.25 1.25zm-4.69 9.64a2 2 0 010-2.83l2.5-2.5a2 2 0 012.83 0 .75.75 0 001.06-1.06 3.5 3.5 0 00-4.95 0l-2.5 2.5a3.5 3.5 0 004.95 4.95l1.25-1.25a.75.75 0 00-1.06-1.06l-1.25 1.25a2 2 0 01-2.83 0z"></path></svg></a><span class="notion-h-title">🤗 总结归纳</span></span></h2><div class="notion-text notion-block-6372fbcccf0c4ef59828d5bb97b3dc1d">总结文章的内容</div><h2 class="notion-h notion-h1 notion-h-indent-0 notion-block-046bf12a1eba4acf8cfac51b92c7fbd1" data-id="046bf12a1eba4acf8cfac51b92c7fbd1"><span><div id="046bf12a1eba4acf8cfac51b92c7fbd1" class="notion-header-anchor"></div><a class="notion-hash-link" href="#046bf12a1eba4acf8cfac51b92c7fbd1" title="📎 参考文章"><svg viewBox="0 0 16 16" width="16" height="16"><path fill-rule="evenodd" d="M7.775 3.275a.75.75 0 001.06 1.06l1.25-1.25a2 2 0 112.83 2.83l-2.5 2.5a2 2 0 01-2.83 0 .75.75 0 00-1.06 1.06 3.5 3.5 0 004.95 0l2.5-2.5a3.5 3.5 0 00-4.95-4.95l-1.25 1.25zm-4.69 9.64a2 2 0 010-2.83l2.5-2.5a2 2 0 012.83 0 .75.75 0 001.06-1.06 3.5 3.5 0 00-4.95 0l-2.5 2.5a3.5 3.5 0 004.95 4.95l1.25-1.25a.75.75 0 00-1.06-1.06l-1.25 1.25a2 2 0 01-2.83 0z"></path></svg></a><span class="notion-h-title">📎 参考文章</span></span></h2><ul class="notion-list notion-list-disc notion-block-26b77af903cc4454af5b8230854c285f"><li>一些引用</li></ul><ul class="notion-list notion-list-disc notion-block-009c13e4aacb48e6bf8f37086eaa09ec"><li>引用文章</li></ul><div class="notion-blank notion-block-b3a26b6f26534968adbf3c76ebbbe4c6"> </div><div class="notion-callout notion-gray_background_co notion-block-d3f5c8f4b3e4450296e4eab92730b54b"><div class="notion-page-icon-inline notion-page-icon-span"><span class="notion-page-icon" role="img" aria-label="💡">💡</span></div><div class="notion-callout-text">有关Notion安装或者使用上的问题，欢迎您在底部评论区留言，一起交流~</div></div></main></div>]]></content>
    </entry>
    <entry>
        <title type="html"><![CDATA[空白文章4]]></title>
        <id>https://tangly1024.com/article/example-4</id>
        <link href="https://tangly1024.com/article/example-4"/>
        <updated>2021-07-02T00:00:00.000Z</updated>
        <summary type="html"><![CDATA[仅供列表展示、文章无内容，仅供列表展示、文章无内容，仅供列表展示、文章无内容，仅供列表展示、文章无内容，仅供列表展示、文章无内容，仅供列表展示、文章无内容，仅供列表展示、文章无内容，仅供列表展示、文章无内容，仅供列表展示、文章无内容，仅供列表展示、文章无内容，仅供列表展示、文章无内容，仅供列表展示、文章无内容]]></summary>
        <content type="html"><![CDATA[<div id="container" class="mx-auto undefined"><main class="notion light-mode notion-page notion-block-db0e0da3a27e445c9f699c95b33a52bc"><div class="notion-viewport"></div><div class="notion-collection-page-properties"></div><div class="notion-callout notion-gray_background_co notion-block-757ae6b650714d729276ccdd82301750"><div class="notion-page-icon-inline notion-page-icon-span"><span class="notion-page-icon" role="img" aria-label="😀">😀</span></div><div class="notion-callout-text">这里写文章的前言：
一个简单的开头,简述这篇文章讨论的问题、目标、人物、背景是什么？并简述你给出的答案。<div class="notion-text notion-block-afff2d1c407a4765acba2bd3d4fc4f6a">可以说说你的故事：阻碍、努力、结果成果，意外与转折。</div></div></div><div class="notion-blank notion-block-7b6b01a6dc2843fa8b0bd90c178832fb"> </div><h2 class="notion-h notion-h1 notion-h-indent-0 notion-block-a30c10f5e1864a73ba9d5cf56653977b" data-id="a30c10f5e1864a73ba9d5cf56653977b"><span><div id="a30c10f5e1864a73ba9d5cf56653977b" class="notion-header-anchor"></div><a class="notion-hash-link" href="#a30c10f5e1864a73ba9d5cf56653977b" title="📝 主旨内容"><svg viewBox="0 0 16 16" width="16" height="16"><path fill-rule="evenodd" d="M7.775 3.275a.75.75 0 001.06 1.06l1.25-1.25a2 2 0 112.83 2.83l-2.5 2.5a2 2 0 01-2.83 0 .75.75 0 00-1.06 1.06 3.5 3.5 0 004.95 0l2.5-2.5a3.5 3.5 0 00-4.95-4.95l-1.25 1.25zm-4.69 9.64a2 2 0 010-2.83l2.5-2.5a2 2 0 012.83 0 .75.75 0 001.06-1.06 3.5 3.5 0 00-4.95 0l-2.5 2.5a3.5 3.5 0 004.95 4.95l1.25-1.25a.75.75 0 00-1.06-1.06l-1.25 1.25a2 2 0 01-2.83 0z"></path></svg></a><span class="notion-h-title">📝 主旨内容</span></span></h2><h3 class="notion-h notion-h2 notion-h-indent-1 notion-block-9d1b118226b34e49b5b552a26dececfc" data-id="9d1b118226b34e49b5b552a26dececfc"><span><div id="9d1b118226b34e49b5b552a26dececfc" class="notion-header-anchor"></div><a class="notion-hash-link" href="#9d1b118226b34e49b5b552a26dececfc" title="观点1"><svg viewBox="0 0 16 16" width="16" height="16"><path fill-rule="evenodd" d="M7.775 3.275a.75.75 0 001.06 1.06l1.25-1.25a2 2 0 112.83 2.83l-2.5 2.5a2 2 0 01-2.83 0 .75.75 0 00-1.06 1.06 3.5 3.5 0 004.95 0l2.5-2.5a3.5 3.5 0 00-4.95-4.95l-1.25 1.25zm-4.69 9.64a2 2 0 010-2.83l2.5-2.5a2 2 0 012.83 0 .75.75 0 001.06-1.06 3.5 3.5 0 00-4.95 0l-2.5 2.5a3.5 3.5 0 004.95 4.95l1.25-1.25a.75.75 0 00-1.06-1.06l-1.25 1.25a2 2 0 01-2.83 0z"></path></svg></a><span class="notion-h-title">观点1</span></span></h3><blockquote class="notion-quote notion-block-513d7226dc5e45a59d567f512af7fac8"><div>引用的话语</div></blockquote><h3 class="notion-h notion-h2 notion-h-indent-1 notion-block-c4cee99b00f347e6bc3979e8538955c4" data-id="c4cee99b00f347e6bc3979e8538955c4"><span><div id="c4cee99b00f347e6bc3979e8538955c4" class="notion-header-anchor"></div><a class="notion-hash-link" href="#c4cee99b00f347e6bc3979e8538955c4" title="观点2"><svg viewBox="0 0 16 16" width="16" height="16"><path fill-rule="evenodd" d="M7.775 3.275a.75.75 0 001.06 1.06l1.25-1.25a2 2 0 112.83 2.83l-2.5 2.5a2 2 0 01-2.83 0 .75.75 0 00-1.06 1.06 3.5 3.5 0 004.95 0l2.5-2.5a3.5 3.5 0 00-4.95-4.95l-1.25 1.25zm-4.69 9.64a2 2 0 010-2.83l2.5-2.5a2 2 0 012.83 0 .75.75 0 001.06-1.06 3.5 3.5 0 00-4.95 0l-2.5 2.5a3.5 3.5 0 004.95 4.95l1.25-1.25a.75.75 0 00-1.06-1.06l-1.25 1.25a2 2 0 01-2.83 0z"></path></svg></a><span class="notion-h-title">观点2</span></span></h3><blockquote class="notion-quote notion-block-9e51d2b38cd44813b88952fc4a10ca95"><div>引用的话语</div></blockquote><h2 class="notion-h notion-h1 notion-h-indent-0 notion-block-38cc298d249e4043805493fbf7237fcd" data-id="38cc298d249e4043805493fbf7237fcd"><span><div id="38cc298d249e4043805493fbf7237fcd" class="notion-header-anchor"></div><a class="notion-hash-link" href="#38cc298d249e4043805493fbf7237fcd" title="🤗 总结归纳"><svg viewBox="0 0 16 16" width="16" height="16"><path fill-rule="evenodd" d="M7.775 3.275a.75.75 0 001.06 1.06l1.25-1.25a2 2 0 112.83 2.83l-2.5 2.5a2 2 0 01-2.83 0 .75.75 0 00-1.06 1.06 3.5 3.5 0 004.95 0l2.5-2.5a3.5 3.5 0 00-4.95-4.95l-1.25 1.25zm-4.69 9.64a2 2 0 010-2.83l2.5-2.5a2 2 0 012.83 0 .75.75 0 001.06-1.06 3.5 3.5 0 00-4.95 0l-2.5 2.5a3.5 3.5 0 004.95 4.95l1.25-1.25a.75.75 0 00-1.06-1.06l-1.25 1.25a2 2 0 01-2.83 0z"></path></svg></a><span class="notion-h-title">🤗 总结归纳</span></span></h2><div class="notion-text notion-block-dc14a6fcbd3848ddbaaf9dbb5ac92957">总结文章的内容</div><h2 class="notion-h notion-h1 notion-h-indent-0 notion-block-5c39152c3e3140579cea20aae6d813f5" data-id="5c39152c3e3140579cea20aae6d813f5"><span><div id="5c39152c3e3140579cea20aae6d813f5" class="notion-header-anchor"></div><a class="notion-hash-link" href="#5c39152c3e3140579cea20aae6d813f5" title="📎 参考文章"><svg viewBox="0 0 16 16" width="16" height="16"><path fill-rule="evenodd" d="M7.775 3.275a.75.75 0 001.06 1.06l1.25-1.25a2 2 0 112.83 2.83l-2.5 2.5a2 2 0 01-2.83 0 .75.75 0 00-1.06 1.06 3.5 3.5 0 004.95 0l2.5-2.5a3.5 3.5 0 00-4.95-4.95l-1.25 1.25zm-4.69 9.64a2 2 0 010-2.83l2.5-2.5a2 2 0 012.83 0 .75.75 0 001.06-1.06 3.5 3.5 0 00-4.95 0l-2.5 2.5a3.5 3.5 0 004.95 4.95l1.25-1.25a.75.75 0 00-1.06-1.06l-1.25 1.25a2 2 0 01-2.83 0z"></path></svg></a><span class="notion-h-title">📎 参考文章</span></span></h2><ul class="notion-list notion-list-disc notion-block-c05ab4caa3a0408b88960f636ab2e216"><li>一些引用</li></ul><ul class="notion-list notion-list-disc notion-block-464ec1346a4c4d529f4090af7035024c"><li>引用文章</li></ul><div class="notion-blank notion-block-0d6c6bf2bd0242aea01870283edad499"> </div><div class="notion-callout notion-gray_background_co notion-block-38ce65adcb8e44388428e23e5f1c14c9"><div class="notion-page-icon-inline notion-page-icon-span"><span class="notion-page-icon" role="img" aria-label="💡">💡</span></div><div class="notion-callout-text">有关Notion安装或者使用上的问题，欢迎您在底部评论区留言，一起交流~</div></div></main></div>]]></content>
    </entry>
    <entry>
        <title type="html"><![CDATA[空白文章5]]></title>
        <id>https://tangly1024.com/article/example-5</id>
        <link href="https://tangly1024.com/article/example-5"/>
        <updated>2021-07-02T00:00:00.000Z</updated>
        <summary type="html"><![CDATA[仅供列表展示、文章无内容]]></summary>
        <content type="html"><![CDATA[<div id="container" class="mx-auto undefined"><main class="notion light-mode notion-page notion-block-4e12cb2cd3f946aa8e7ec13084f7c79c"><div class="notion-viewport"></div><div class="notion-collection-page-properties"></div><div class="notion-callout notion-gray_background_co notion-block-b10df889afb24da9a9be033706b1034e"><div class="notion-page-icon-inline notion-page-icon-span"><span class="notion-page-icon" role="img" aria-label="😀">😀</span></div><div class="notion-callout-text">这里写文章的前言：
一个简单的开头,简述这篇文章讨论的问题、目标、人物、背景是什么？并简述你给出的答案。<div class="notion-text notion-block-463597e28ad1469da0998b74014a3f0b">可以说说你的故事：阻碍、努力、结果成果，意外与转折。</div></div></div><div class="notion-blank notion-block-f7ba1fdfb68a4a1293910ccabaa078bc"> </div><h2 class="notion-h notion-h1 notion-h-indent-0 notion-block-88a2d86224b54df8b8e73afe7f6e11d1" data-id="88a2d86224b54df8b8e73afe7f6e11d1"><span><div id="88a2d86224b54df8b8e73afe7f6e11d1" class="notion-header-anchor"></div><a class="notion-hash-link" href="#88a2d86224b54df8b8e73afe7f6e11d1" title="📝 主旨内容"><svg viewBox="0 0 16 16" width="16" height="16"><path fill-rule="evenodd" d="M7.775 3.275a.75.75 0 001.06 1.06l1.25-1.25a2 2 0 112.83 2.83l-2.5 2.5a2 2 0 01-2.83 0 .75.75 0 00-1.06 1.06 3.5 3.5 0 004.95 0l2.5-2.5a3.5 3.5 0 00-4.95-4.95l-1.25 1.25zm-4.69 9.64a2 2 0 010-2.83l2.5-2.5a2 2 0 012.83 0 .75.75 0 001.06-1.06 3.5 3.5 0 00-4.95 0l-2.5 2.5a3.5 3.5 0 004.95 4.95l1.25-1.25a.75.75 0 00-1.06-1.06l-1.25 1.25a2 2 0 01-2.83 0z"></path></svg></a><span class="notion-h-title">📝 主旨内容</span></span></h2><h3 class="notion-h notion-h2 notion-h-indent-1 notion-block-5f4699107f6840459f6860d0cd574b73" data-id="5f4699107f6840459f6860d0cd574b73"><span><div id="5f4699107f6840459f6860d0cd574b73" class="notion-header-anchor"></div><a class="notion-hash-link" href="#5f4699107f6840459f6860d0cd574b73" title="观点1"><svg viewBox="0 0 16 16" width="16" height="16"><path fill-rule="evenodd" d="M7.775 3.275a.75.75 0 001.06 1.06l1.25-1.25a2 2 0 112.83 2.83l-2.5 2.5a2 2 0 01-2.83 0 .75.75 0 00-1.06 1.06 3.5 3.5 0 004.95 0l2.5-2.5a3.5 3.5 0 00-4.95-4.95l-1.25 1.25zm-4.69 9.64a2 2 0 010-2.83l2.5-2.5a2 2 0 012.83 0 .75.75 0 001.06-1.06 3.5 3.5 0 00-4.95 0l-2.5 2.5a3.5 3.5 0 004.95 4.95l1.25-1.25a.75.75 0 00-1.06-1.06l-1.25 1.25a2 2 0 01-2.83 0z"></path></svg></a><span class="notion-h-title">观点1</span></span></h3><blockquote class="notion-quote notion-block-22453e40abd24fb5b981a3796a97d150"><div>引用的话语</div></blockquote><h3 class="notion-h notion-h2 notion-h-indent-1 notion-block-db7d170fe39b4b23a7a14cdfa13706f3" data-id="db7d170fe39b4b23a7a14cdfa13706f3"><span><div id="db7d170fe39b4b23a7a14cdfa13706f3" class="notion-header-anchor"></div><a class="notion-hash-link" href="#db7d170fe39b4b23a7a14cdfa13706f3" title="观点2"><svg viewBox="0 0 16 16" width="16" height="16"><path fill-rule="evenodd" d="M7.775 3.275a.75.75 0 001.06 1.06l1.25-1.25a2 2 0 112.83 2.83l-2.5 2.5a2 2 0 01-2.83 0 .75.75 0 00-1.06 1.06 3.5 3.5 0 004.95 0l2.5-2.5a3.5 3.5 0 00-4.95-4.95l-1.25 1.25zm-4.69 9.64a2 2 0 010-2.83l2.5-2.5a2 2 0 012.83 0 .75.75 0 001.06-1.06 3.5 3.5 0 00-4.95 0l-2.5 2.5a3.5 3.5 0 004.95 4.95l1.25-1.25a.75.75 0 00-1.06-1.06l-1.25 1.25a2 2 0 01-2.83 0z"></path></svg></a><span class="notion-h-title">观点2</span></span></h3><blockquote class="notion-quote notion-block-361a05176c7247699f51b09e82ee70e3"><div>引用的话语</div></blockquote><h2 class="notion-h notion-h1 notion-h-indent-0 notion-block-10294489ef5b4e99b42b96f8ba640821" data-id="10294489ef5b4e99b42b96f8ba640821"><span><div id="10294489ef5b4e99b42b96f8ba640821" class="notion-header-anchor"></div><a class="notion-hash-link" href="#10294489ef5b4e99b42b96f8ba640821" title="🤗 总结归纳"><svg viewBox="0 0 16 16" width="16" height="16"><path fill-rule="evenodd" d="M7.775 3.275a.75.75 0 001.06 1.06l1.25-1.25a2 2 0 112.83 2.83l-2.5 2.5a2 2 0 01-2.83 0 .75.75 0 00-1.06 1.06 3.5 3.5 0 004.95 0l2.5-2.5a3.5 3.5 0 00-4.95-4.95l-1.25 1.25zm-4.69 9.64a2 2 0 010-2.83l2.5-2.5a2 2 0 012.83 0 .75.75 0 001.06-1.06 3.5 3.5 0 00-4.95 0l-2.5 2.5a3.5 3.5 0 004.95 4.95l1.25-1.25a.75.75 0 00-1.06-1.06l-1.25 1.25a2 2 0 01-2.83 0z"></path></svg></a><span class="notion-h-title">🤗 总结归纳</span></span></h2><div class="notion-text notion-block-545cb4875b014a7f95505505ebb55bbf">总结文章的内容</div><h2 class="notion-h notion-h1 notion-h-indent-0 notion-block-ad442e6e4b8643f3a91002fb26498e9b" data-id="ad442e6e4b8643f3a91002fb26498e9b"><span><div id="ad442e6e4b8643f3a91002fb26498e9b" class="notion-header-anchor"></div><a class="notion-hash-link" href="#ad442e6e4b8643f3a91002fb26498e9b" title="📎 参考文章"><svg viewBox="0 0 16 16" width="16" height="16"><path fill-rule="evenodd" d="M7.775 3.275a.75.75 0 001.06 1.06l1.25-1.25a2 2 0 112.83 2.83l-2.5 2.5a2 2 0 01-2.83 0 .75.75 0 00-1.06 1.06 3.5 3.5 0 004.95 0l2.5-2.5a3.5 3.5 0 00-4.95-4.95l-1.25 1.25zm-4.69 9.64a2 2 0 010-2.83l2.5-2.5a2 2 0 012.83 0 .75.75 0 001.06-1.06 3.5 3.5 0 00-4.95 0l-2.5 2.5a3.5 3.5 0 004.95 4.95l1.25-1.25a.75.75 0 00-1.06-1.06l-1.25 1.25a2 2 0 01-2.83 0z"></path></svg></a><span class="notion-h-title">📎 参考文章</span></span></h2><ul class="notion-list notion-list-disc notion-block-56519b30fe49473aacc3b6c34d368024"><li>一些引用</li></ul><ul class="notion-list notion-list-disc notion-block-b710a62e614544d08931115bb0597c98"><li>引用文章</li></ul><div class="notion-blank notion-block-3054896113934f63a21245bf7a152aa5"> </div><div class="notion-callout notion-gray_background_co notion-block-8b28e875c507424889e8a41f9c33cf14"><div class="notion-page-icon-inline notion-page-icon-span"><span class="notion-page-icon" role="img" aria-label="💡">💡</span></div><div class="notion-callout-text">有关Notion安装或者使用上的问题，欢迎您在底部评论区留言，一起交流~</div></div></main></div>]]></content>
    </entry>
</feed>